CustomerID,Gender,SeniorCitizen,Tenure,MonthlyCharges,Contract,PaymentMethod,TotalCharges,Churn
1,Female,0,12,92.02,One year,UPI,1104.24,Yes
2,Male,0,62,79.36,One year,Net Banking,4920.32,No
3,Female,0,24,91.52,Month-to-month,UPI,2196.48,Yes
4,Female,0,2,43.01,One year,Credit card,86.02,Yes
5,Female,0,47,100.38,One year,Debit card,4717.86,No
6,Female,0,56,67.99,Month-to-month,UPI,3807.44,No
7,Male,0,16,81.03,Month-to-month,Credit card,1296.48,Yes
8,Male,0,34,29.22,Month-to-month,Debit card,993.48,Yes
9,Male,1,18,40.5,One year,Net Banking,729.0,Yes
10,Female,1,29,97.34,Month-to-month,Net Banking,2822.86,Yes
11,Male,0,54,42.39,Month-to-month,Debit card,2289.06,Yes
12,Male,0,51,29.25,Two year,Credit card,1491.75,No
13,Male,0,14,79.72,Month-to-month,Credit card,1116.08,Yes
14,Female,0,58,74.79,Two year,UPI,4337.82,No
15,Male,0,35,80.79,Month-to-month,Net Banking,2827.65,Yes
16,Female,0,9,81.83,Month-to-month,Net Banking,736.47,Yes
17,Female,0,37,70.02,Month-to-month,Net Banking,2590.74,Yes
18,Female,0,12,69.38,Month-to-month,Net Banking,832.56,No
19,Female,0,11,112.42,Month-to-month,Credit card,1236.62,Yes
20,Female,0,27,73.39,One year,Net Banking,1981.53,No
21,Male,0,43,81.73,One year,Debit card,3514.39,No
22,Female,0,50,46.7,Two year,Credit card,2335.0,No
23,Female,0,20,107.11,Month-to-month,Debit card,2142.2,Yes
24,Female,0,13,22.44,Month-to-month,Debit card,291.72,Yes
25,Male,0,47,75.72,Month-to-month,Credit card,3558.84,Yes
26,Male,1,8,58.39,Month-to-month,Debit card,467.12,Yes
27,Male,0,69,80.39,One year,Debit card,5546.91,No
28,Male,0,71,56.02,Month-to-month,UPI,3977.42,Yes
29,Female,0,64,91.77,Two year,Net Banking,5873.28,No
30,Female,0,44,22.03,One year,Debit card,969.32,No
31,Male,0,12,60.59,One year,UPI,727.08,No
32,Female,1,4,103.13,One year,UPI,412.52,Yes
33,Male,0,40,45.02,Month-to-month,Net Banking,1800.8,Yes
34,Male,1,19,25.28,One year,UPI,480.32,No
35,Male,1,54,69.65,Month-to-month,UPI,3761.1,No
36,Female,0,1,117.65,Month-to-month,Debit card,117.65,Yes
37,Male,0,13,26.42,Month-to-month,Net Banking,343.46,No
38,Male,0,50,27.01,Month-to-month,Net Banking,1350.5,No
39,Female,0,53,79.51,Month-to-month,Debit card,4214.03,No
40,Female,1,42,45.01,Month-to-month,Credit card,1890.42,No
41,Female,0,25,61.02,Month-to-month,UPI,1525.5,No
42,Female,0,44,103.05,One year,Debit card,4534.2,No
43,Female,0,61,39.88,Month-to-month,UPI,2432.68,No
44,Female,0,21,91.93,Month-to-month,Net Banking,1930.53,Yes
45,Male,0,51,70.45,Month-to-month,Net Banking,3592.95,Yes
46,Female,1,52,110.5,One year,UPI,5746.0,Yes
47,Female,0,63,117.3,Month-to-month,Net Banking,7389.9,Yes
48,Female,1,54,68.5,Month-to-month,Net Banking,3699.0,No
49,Male,0,10,78.46,Month-to-month,Credit card,784.6,Yes
50,Female,0,59,94.58,Two year,Net Banking,5580.22,No
51,Male,0,8,51.87,Month-to-month,Net Banking,414.96,Yes
52,Male,0,51,42.67,Month-to-month,UPI,2176.17,Yes
53,Male,0,5,116.47,Month-to-month,Debit card,582.35,Yes
54,Male,1,42,63.26,One year,Net Banking,2656.92,No
55,Female,0,12,20.16,Month-to-month,Net Banking,241.92,No
56,Female,0,24,103.77,Two year,Debit card,2490.48,No
57,Female,0,45,79.97,Month-to-month,Debit card,3598.65,Yes
58,Female,0,53,36.86,Month-to-month,Debit card,1953.58,Yes
59,Female,0,53,23.01,Month-to-month,UPI,1219.53,Yes
60,Female,0,17,49.15,One year,Net Banking,835.55,No
61,Male,1,65,112.79,Month-to-month,Net Banking,7331.35,Yes
62,Male,0,58,113.35,Month-to-month,Debit card,6574.3,Yes
63,Female,0,37,51.1,Two year,Credit card,1890.7,No
64,Female,0,42,103.59,Month-to-month,UPI,4350.78,Yes
65,Female,0,70,64.18,Month-to-month,Debit card,4492.6,No
66,Female,0,40,85.43,Month-to-month,Debit card,3417.2,Yes
67,Female,1,23,53.44,Two year,Net Banking,1229.12,No
68,Female,1,23,71.6,One year,Credit card,1646.8,No
69,Male,0,49,49.38,One year,UPI,2419.62,No
70,Male,0,7,26.11,Month-to-month,Credit card,182.77,Yes
71,Female,0,37,33.94,Month-to-month,Credit card,1255.78,No
72,Female,1,16,49.07,Month-to-month,Net Banking,785.12,No
73,Female,1,38,117.63,Month-to-month,Debit card,4469.94,Yes
74,Male,0,40,116.57,Month-to-month,Debit card,4662.8,Yes
75,Male,0,29,102.77,Two year,Credit card,2980.33,No
76,Male,1,17,43.25,Month-to-month,UPI,735.25,No
77,Male,0,20,64.16,One year,UPI,1283.2,Yes
78,Male,1,25,63.98,Month-to-month,Net Banking,1599.5,No
79,Female,0,60,58.7,One year,UPI,3522.0,No
80,Female,0,38,24.49,Month-to-month,Net Banking,930.62,No
81,Male,0,63,73.45,Month-to-month,Credit card,4627.35,No
82,Female,0,39,27.28,Month-to-month,UPI,1063.92,Yes
83,Male,1,64,100.19,Two year,Debit card,6412.16,No
84,Male,0,21,89.13,Two year,Credit card,1871.73,No
85,Male,0,32,55.27,Month-to-month,Net Banking,1768.64,No
86,Female,0,28,84.71,Month-to-month,Credit card,2371.88,Yes
87,Female,0,12,43.3,Month-to-month,Credit card,519.6,Yes
88,Female,0,23,46.53,Month-to-month,Net Banking,1070.19,Yes
89,Female,0,15,51.41,One year,UPI,771.15,No
90,Female,0,12,99.7,Month-to-month,UPI,1196.4,Yes
91,Male,0,4,41.07,Month-to-month,Debit card,164.28,Yes
92,Male,1,35,76.28,One year,UPI,2669.8,Yes
93,Male,0,61,40.05,Month-to-month,Net Banking,2443.05,No
94,Female,0,27,48.5,One year,Net Banking,1309.5,No
95,Female,1,33,43.55,Month-to-month,Net Banking,1437.15,No
96,Female,0,13,84.5,One year,UPI,1098.5,No
97,Male,0,37,72.67,Month-to-month,Net Banking,2688.79,No
98,Male,0,44,92.13,Month-to-month,UPI,4053.72,Yes
99,Male,0,2,41.99,Two year,Net Banking,83.98,Yes
100,Female,0,38,20.91,Month-to-month,Net Banking,794.58,No
101,Female,1,37,88.05,Two year,UPI,3257.85,No
102,Male,0,59,31.49,One year,Debit card,1857.91,No
103,Male,1,69,44.63,Two year,Debit card,3079.47,No
104,Male,0,18,50.57,Month-to-month,Debit card,910.26,No
105,Male,0,48,94.68,Month-to-month,UPI,4544.64,Yes
106,Female,0,66,82.59,One year,Net Banking,5450.94,No
107,Male,0,49,38.43,One year,UPI,1883.07,Yes
108,Female,1,58,79.79,One year,Credit card,4627.82,Yes
109,Female,0,35,90.81,Month-to-month,Credit card,3178.35,Yes
110,Female,1,58,58.89,Two year,UPI,3415.62,No
111,Female,0,7,44.6,Month-to-month,Credit card,312.2,Yes
112,Female,0,9,87.9,One year,Debit card,791.1,Yes
113,Male,1,69,81.09,Month-to-month,Debit card,5595.21,Yes
114,Female,0,4,27.79,Month-to-month,Debit card,111.16,Yes
115,Male,0,32,86.67,Month-to-month,Credit card,2773.44,Yes
116,Male,0,5,68.85,One year,Debit card,344.25,Yes
117,Female,1,56,95.34,One year,Debit card,5339.04,No
118,Male,0,56,39.07,Two year,Debit card,2187.92,No
119,Male,1,44,45.82,Month-to-month,UPI,2016.08,No
120,Male,1,13,74.33,Month-to-month,Net Banking,966.29,No
121,Male,0,4,68.17,Month-to-month,Net Banking,272.68,Yes
122,Female,0,52,58.64,Month-to-month,UPI,3049.28,No
123,Male,0,15,94.6,Month-to-month,Debit card,1419.0,Yes
124,Male,0,1,76.48,Month-to-month,Debit card,76.48,Yes
125,Female,0,65,91.03,Month-to-month,UPI,5916.95,Yes
126,Female,0,11,35.33,Month-to-month,UPI,388.63,Yes
127,Female,0,61,92.9,Month-to-month,Credit card,5666.9,Yes
128,Female,0,63,66.15,Two year,UPI,4167.45,No
129,Female,1,38,23.38,One year,Debit card,888.44,Yes
130,Male,1,69,43.45,One year,UPI,2998.05,Yes
131,Female,0,45,22.58,One year,Debit card,1016.1,No
132,Male,0,70,65.69,Month-to-month,Credit card,4598.3,No
133,Female,0,68,52.59,One year,UPI,3576.12,No
134,Male,0,4,118.74,One year,Credit card,474.96,Yes
135,Male,1,71,106.85,Month-to-month,Debit card,7586.35,Yes
136,Female,0,48,102.57,Two year,Debit card,4923.36,No
137,Male,0,9,70.11,Month-to-month,Debit card,630.99,Yes
138,Female,0,47,100.71,Month-to-month,Debit card,4733.37,Yes
139,Male,0,60,46.69,One year,Credit card,2801.4,No
140,Female,0,52,76.06,One year,UPI,3955.12,No
141,Male,0,33,59.29,Month-to-month,UPI,1956.57,No
142,Male,0,58,37.13,Month-to-month,Debit card,2153.54,No
143,Female,0,48,27.26,Month-to-month,Debit card,1308.48,No
144,Female,0,5,75.82,Month-to-month,Credit card,379.1,Yes
145,Female,0,27,29.76,Two year,Credit card,803.52,No
146,Female,1,41,91.8,One year,Debit card,3763.8,No
147,Female,0,1,112.15,One year,Debit card,112.15,Yes
148,Female,0,51,36.21,Month-to-month,UPI,1846.71,No
149,Female,1,16,67.09,Month-to-month,UPI,1073.44,Yes
150,Female,1,32,93.88,Month-to-month,UPI,3004.16,Yes
151,Female,0,47,48.68,Month-to-month,Debit card,2287.96,No
152,Female,0,23,112.08,Month-to-month,Net Banking,2577.84,Yes
153,Male,1,15,108.85,Month-to-month,Credit card,1632.75,Yes
154,Male,0,26,30.38,Month-to-month,Credit card,789.88,No
155,Female,1,37,22.74,Month-to-month,Credit card,841.38,No
156,Female,0,55,117.65,Month-to-month,Debit card,6470.75,Yes
157,Male,1,2,115.65,Month-to-month,Debit card,231.3,Yes
158,Female,0,19,62.23,One year,Credit card,1182.37,No
159,Male,0,32,25.06,Month-to-month,Credit card,801.92,No
160,Male,0,69,81.89,One year,Credit card,5650.41,Yes
161,Male,1,55,49.34,One year,Debit card,2713.7,No
162,Male,0,56,113.67,Two year,Net Banking,6365.52,No
163,Male,0,29,99.47,Month-to-month,Net Banking,2884.63,Yes
164,Female,0,36,84.96,Month-to-month,Net Banking,3058.56,Yes
165,Male,1,71,48.45,Month-to-month,UPI,3439.95,No
166,Female,0,53,90.13,Two year,UPI,4776.89,No
167,Male,0,39,48.92,One year,Debit card,1907.88,No
168,Male,0,11,23.76,Month-to-month,Net Banking,261.36,Yes
169,Male,1,30,70.84,Month-to-month,Net Banking,2125.2,Yes
170,Female,0,53,68.87,Month-to-month,UPI,3650.11,No
171,Male,0,8,96.3,Month-to-month,Net Banking,770.4,Yes
172,Male,0,20,106.57,One year,Credit card,2131.4,No
173,Female,0,12,55.45,Month-to-month,UPI,665.4,Yes
174,Female,0,67,64.95,Month-to-month,Credit card,4351.65,Yes
175,Male,0,50,67.04,Month-to-month,Net Banking,3352.0,No
176,Male,0,12,52.42,Month-to-month,Debit card,629.04,No
177,Male,0,54,94.34,Month-to-month,Net Banking,5094.36,Yes
178,Female,0,54,72.21,Month-to-month,Debit card,3899.34,No
179,Male,0,19,111.4,Month-to-month,Credit card,2116.6,Yes
180,Female,1,14,85.03,One year,Credit card,1190.42,No
181,Male,0,52,41.19,Month-to-month,Net Banking,2141.88,Yes
182,Female,0,22,36.48,Month-to-month,UPI,802.56,Yes
183,Female,0,4,57.24,Two year,Credit card,228.96,Yes
184,Male,0,59,54.69,Month-to-month,Debit card,3226.71,Yes
185,Male,0,34,60.71,Month-to-month,Debit card,2064.14,Yes
186,Female,1,64,38.36,Month-to-month,UPI,2455.04,No
187,Male,0,18,117.82,Month-to-month,Net Banking,2120.76,Yes
188,Female,0,31,34.57,Month-to-month,Credit card,1071.67,Yes
189,Female,0,42,85.26,Month-to-month,Net Banking,3580.92,Yes
190,Male,0,3,21.31,Month-to-month,Credit card,63.93,Yes
191,Female,0,55,60.7,One year,Net Banking,3338.5,Yes
192,Male,1,10,50.92,Month-to-month,UPI,509.2,Yes
193,Female,0,71,58.2,Two year,Debit card,4132.2,No
194,Male,0,22,69.81,One year,Net Banking,1535.82,Yes
195,Male,1,23,80.04,One year,Net Banking,1840.92,No
196,Male,0,13,78.35,One year,Credit card,1018.55,No
197,Female,0,40,83.07,Month-to-month,Net Banking,3322.8,Yes
198,Male,0,13,104.45,Month-to-month,Net Banking,1357.85,Yes
199,Female,1,51,108.67,Two year,UPI,5542.17,No
200,Female,0,64,93.73,Month-to-month,Net Banking,5998.72,Yes
201,Male,1,13,27.89,Month-to-month,UPI,362.57,Yes
202,Female,0,29,116.13,Month-to-month,UPI,3367.77,Yes
203,Male,0,71,114.74,Month-to-month,UPI,8146.54,Yes
204,Female,0,47,91.17,Month-to-month,Credit card,4284.99,Yes
205,Female,0,26,71.74,Month-to-month,UPI,1865.24,Yes
206,Male,0,70,45.06,One year,Credit card,3154.2,No
207,Male,0,23,95.64,Month-to-month,Debit card,2199.72,Yes
208,Female,0,56,107.79,One year,UPI,6036.24,No
209,Male,0,19,86.52,Month-to-month,Net Banking,1643.88,Yes
210,Male,1,50,82.91,Month-to-month,UPI,4145.5,Yes
211,Female,1,35,39.3,Month-to-month,Debit card,1375.5,No
212,Male,0,49,55.78,One year,UPI,2733.22,Yes
213,Female,1,46,92.31,Two year,Credit card,4246.26,No
214,Male,0,70,21.69,Month-to-month,Debit card,1518.3,No
215,Male,0,53,84.13,Month-to-month,Debit card,4458.89,Yes
216,Female,0,31,96.67,One year,Credit card,2996.77,No
217,Female,1,22,53.47,One year,Credit card,1176.34,Yes
218,Male,0,67,27.62,Month-to-month,Net Banking,1850.54,No
219,Male,0,8,101.91,Month-to-month,Debit card,815.28,Yes
220,Female,0,19,34.18,Two year,UPI,649.42,No
221,Male,0,31,57.08,Month-to-month,Credit card,1769.48,No
222,Male,0,32,90.73,Month-to-month,Net Banking,2903.36,Yes
223,Male,0,55,101.7,Month-to-month,Credit card,5593.5,Yes
224,Male,0,31,106.24,One year,Credit card,3293.44,No
225,Female,1,67,73.04,Month-to-month,Net Banking,4893.68,No
226,Male,0,51,67.59,One year,Debit card,3447.09,No
227,Female,0,27,104.83,One year,UPI,2830.41,No
228,Female,0,48,76.31,Month-to-month,Credit card,3662.88,No
229,Male,0,43,77.87,Month-to-month,Debit card,3348.41,No
230,Female,0,51,63.4,Two year,Net Banking,3233.4,No
231,Male,0,69,57.28,Month-to-month,Net Banking,3952.32,No
232,Male,0,71,68.05,Month-to-month,Net Banking,4831.55,No
233,Female,0,50,56.48,Two year,Debit card,2824.0,No
234,Female,0,61,54.35,Two year,UPI,3315.35,No
235,Female,0,41,119.37,Month-to-month,Debit card,4894.17,Yes
236,Male,1,51,53.62,Month-to-month,Debit card,2734.62,No
237,Male,0,24,45.64,Month-to-month,Net Banking,1095.36,No
238,Male,0,30,55.39,Two year,Credit card,1661.7,No
239,Female,0,52,79.08,One year,Credit card,4112.16,No
240,Female,0,50,111.1,Month-to-month,Net Banking,5555.0,Yes
241,Female,0,57,98.79,One year,Credit card,5631.03,No
242,Female,0,62,104.22,One year,Net Banking,6461.64,No
243,Female,1,53,105.9,Month-to-month,Debit card,5612.7,Yes
244,Male,0,68,112.05,One year,Net Banking,7619.4,No
245,Male,0,69,43.51,Month-to-month,UPI,3002.19,No
246,Female,0,31,65.84,One year,UPI,2041.04,No
247,Female,0,30,58.52,Month-to-month,UPI,1755.6,No
248,Female,0,10,58.19,One year,Debit card,581.9,Yes
249,Female,0,44,85.23,Month-to-month,Credit card,3750.12,Yes
250,Male,0,6,60.18,Month-to-month,Debit card,361.08,Yes
251,Female,0,27,81.63,Month-to-month,Credit card,2204.01,Yes
252,Female,0,20,58.23,One year,Debit card,1164.6,Yes
253,Female,0,20,51.11,Month-to-month,Debit card,1022.2,No
254,Male,0,12,55.31,One year,UPI,663.72,Yes
255,Male,0,49,100.38,Month-to-month,Debit card,4918.62,Yes
256,Female,0,52,80.11,One year,UPI,4165.72,No
257,Male,0,10,117.4,Month-to-month,Debit card,1174.0,Yes
258,Female,0,5,103.27,Month-to-month,Net Banking,516.35,Yes
259,Female,0,64,68.58,Month-to-month,UPI,4389.12,No
260,Female,0,58,44.24,Month-to-month,Net Banking,2565.92,No
261,Male,0,8,87.39,One year,Debit card,699.12,Yes
262,Female,0,30,92.66,One year,Debit card,2779.8,Yes
263,Female,0,17,66.42,Month-to-month,Net Banking,1129.14,No
264,Male,0,67,42.99,One year,Credit card,2880.33,Yes
265,Male,0,21,75.72,Month-to-month,Credit card,1590.12,No
266,Female,0,16,45.38,Month-to-month,Credit card,726.08,No
267,Female,0,27,114.0,Month-to-month,Debit card,3078.0,Yes
268,Male,0,6,82.89,Month-to-month,Credit card,497.34,Yes
269,Male,1,42,49.19,One year,Credit card,2065.98,No
270,Male,1,16,41.57,Two year,Debit card,665.12,No
271,Female,0,45,91.67,Month-to-month,Debit card,4125.15,Yes
272,Female,0,3,90.78,Month-to-month,Credit card,272.34,Yes
273,Male,0,40,79.71,Two year,Credit card,3188.4,No
274,Male,0,20,81.43,Month-to-month,Net Banking,1628.6,Yes
275,Female,0,7,80.39,Month-to-month,Debit card,562.73,Yes
276,Male,0,59,56.01,Month-to-month,Debit card,3304.59,Yes
277,Female,0,11,113.74,One year,Net Banking,1251.14,Yes
278,Female,0,52,67.93,One year,UPI,3532.36,Yes
279,Female,0,3,22.03,One year,UPI,66.09,Yes
280,Male,1,21,54.84,Month-to-month,Debit card,1151.64,No
281,Female,0,53,33.03,One year,Debit card,1750.59,Yes
282,Male,0,30,56.34,Month-to-month,Credit card,1690.2,No
283,Male,0,11,80.83,Two year,UPI,889.13,Yes
284,Male,0,25,22.27,Month-to-month,Credit card,556.75,No
285,Male,0,50,107.02,Month-to-month,UPI,5351.0,Yes
286,Female,1,9,81.03,Two year,Net Banking,729.27,Yes
287,Female,0,45,49.54,One year,Credit card,2229.3,No
288,Female,1,29,51.12,One year,Net Banking,1482.48,No
289,Male,0,62,66.57,Month-to-month,Net Banking,4127.34,Yes
290,Female,0,15,44.81,One year,UPI,672.15,No
291,Female,0,19,20.43,One year,Debit card,388.17,No
292,Female,0,15,22.66,One year,Debit card,339.9,Yes
293,Female,0,39,55.77,Two year,Net Banking,2175.03,No
294,Male,0,35,32.42,Month-to-month,Debit card,1134.7,No
295,Male,1,13,22.24,Month-to-month,Credit card,289.12,Yes
296,Female,0,16,105.93,One year,UPI,1694.88,No
297,Male,0,67,47.41,Month-to-month,Credit card,3176.47,No
298,Male,0,55,70.31,Month-to-month,Debit card,3867.05,Yes
299,Male,0,65,37.94,Month-to-month,Net Banking,2466.1,Yes
300,Female,0,35,24.67,One year,UPI,863.45,Yes
301,Female,0,16,94.49,Month-to-month,Net Banking,1511.84,Yes
302,Male,0,1,32.5,Month-to-month,UPI,32.5,Yes
303,Male,0,50,22.57,Month-to-month,Credit card,1128.5,Yes
304,Male,1,14,78.72,Month-to-month,Debit card,1102.08,No
305,Male,0,62,21.35,Month-to-month,Credit card,1323.7,No
306,Female,0,7,63.63,Month-to-month,Net Banking,445.41,Yes
307,Male,0,23,48.88,Two year,Credit card,1124.24,No
308,Female,0,63,51.94,Month-to-month,Debit card,3272.22,Yes
309,Male,1,29,20.39,One year,Debit card,591.31,Yes
310,Female,0,22,116.43,One year,Credit card,2561.46,No
311,Male,0,6,71.7,Month-to-month,UPI,430.2,Yes
312,Female,0,29,77.25,Month-to-month,Debit card,2240.25,No
313,Female,0,2,86.61,Two year,Debit card,173.22,Yes
314,Male,0,64,99.75,Month-to-month,Debit card,6384.0,Yes
315,Male,0,36,80.79,Month-to-month,Debit card,2908.44,Yes
316,Female,0,20,96.22,Month-to-month,UPI,1924.4,Yes
317,Female,0,55,64.87,Month-to-month,UPI,3567.85,No
318,Male,0,37,57.13,Month-to-month,Net Banking,2113.81,No
319,Male,0,52,102.31,Month-to-month,Net Banking,5320.12,Yes
320,Male,0,69,106.53,Month-to-month,Net Banking,7350.57,Yes
321,Male,0,70,33.78,One year,Credit card,2364.6,No
322,Female,0,22,74.27,Two year,Credit card,1633.94,No
323,Female,0,15,88.36,Month-to-month,Net Banking,1325.4,Yes
324,Female,0,47,28.36,Month-to-month,Debit card,1332.92,Yes
325,Male,0,71,112.96,One year,Net Banking,8020.16,Yes
326,Male,0,69,72.01,Month-to-month,Credit card,4968.69,Yes
327,Male,0,52,84.55,Month-to-month,UPI,4396.6,Yes
328,Female,1,39,37.82,One year,Debit card,1474.98,No
329,Male,0,2,46.44,Two year,Debit card,92.88,Yes
330,Female,0,45,32.1,Month-to-month,Debit card,1444.5,No
331,Male,0,24,46.4,Month-to-month,Credit card,1113.6,Yes
332,Female,1,61,69.24,Month-to-month,Debit card,4223.64,No
333,Female,0,65,103.36,Month-to-month,Debit card,6718.4,Yes
334,Female,1,53,73.37,Month-to-month,UPI,3888.61,No
335,Male,0,21,44.45,Month-to-month,Debit card,933.45,No
336,Male,1,67,24.46,Month-to-month,Credit card,1638.82,Yes
337,Male,1,1,82.2,Month-to-month,Debit card,82.2,Yes
338,Male,0,59,62.02,Month-to-month,Credit card,3659.18,Yes
339,Female,0,47,118.44,Two year,UPI,5566.68,No
340,Female,0,18,97.98,Two year,UPI,1763.64,No
341,Male,1,33,100.84,One year,Debit card,3327.72,Yes
342,Male,1,15,21.22,Month-to-month,Net Banking,318.3,No
343,Male,0,24,97.78,Month-to-month,UPI,2346.72,Yes
344,Male,0,36,39.46,One year,Debit card,1420.56,No
345,Female,1,60,78.58,One year,UPI,4714.8,No
346,Male,0,34,64.74,One year,UPI,2201.16,Yes
347,Female,1,51,77.16,Month-to-month,Credit card,3935.16,No
348,Female,1,40,33.34,One year,Net Banking,1333.6,No
349,Female,1,22,65.69,Two year,Credit card,1445.18,No
350,Male,0,16,23.69,Month-to-month,Debit card,379.04,Yes
351,Male,0,42,24.1,Month-to-month,Debit card,1012.2,Yes
352,Male,0,16,85.77,Month-to-month,Credit card,1372.32,Yes
353,Male,1,5,115.17,One year,Net Banking,575.85,Yes
354,Female,0,6,97.74,Month-to-month,Net Banking,586.44,Yes
355,Male,0,42,66.92,Two year,Net Banking,2810.64,No
356,Female,0,30,25.59,Month-to-month,UPI,767.7,No
357,Male,0,32,24.5,Two year,Debit card,784.0,No
358,Female,1,53,35.79,Month-to-month,UPI,1896.87,No
359,Female,0,19,117.58,Month-to-month,Credit card,2234.02,Yes
360,Female,0,51,59.87,One year,Net Banking,3053.37,No
361,Male,0,28,104.34,Two year,UPI,2921.52,No
362,Female,1,47,90.51,Two year,Net Banking,4253.97,No
363,Female,0,1,80.54,Month-to-month,UPI,80.54,Yes
364,Male,0,68,114.78,Month-to-month,Debit card,7805.04,Yes
365,Female,0,57,43.04,Month-to-month,Net Banking,2453.28,No
366,Male,0,22,65.49,Month-to-month,UPI,1440.78,No
367,Male,0,58,106.47,Month-to-month,Credit card,6175.26,Yes
368,Female,0,13,75.18,Month-to-month,UPI,977.34,No
369,Female,0,39,44.64,Two year,Credit card,1740.96,No
370,Male,0,27,40.89,Month-to-month,Credit card,1104.03,Yes
371,Female,0,39,95.29,One year,Net Banking,3716.31,No
372,Male,1,12,21.28,One year,Debit card,255.36,No
373,Male,0,24,111.42,Month-to-month,Credit card,2674.08,Yes
374,Female,0,18,21.84,Two year,Credit card,393.12,No
375,Male,0,15,83.1,Month-to-month,Debit card,1246.5,Yes
376,Female,1,60,80.47,Two year,Debit card,4828.2,No
377,Female,0,16,77.84,Two year,Debit card,1245.44,No
378,Male,1,47,67.43,Two year,Credit card,3169.21,No
379,Female,0,24,105.24,One year,Debit card,2525.76,No
380,Female,0,45,85.93,Month-to-month,Credit card,3866.85,Yes
381,Female,0,19,98.19,Month-to-month,Credit card,1865.61,Yes
382,Female,0,41,31.55,Month-to-month,Credit card,1293.55,No
383,Female,0,31,24.99,Month-to-month,Debit card,774.69,No
384,Female,0,16,22.85,One year,Credit card,365.6,No
385,Male,0,23,34.72,One year,Net Banking,798.56,Yes
386,Female,0,23,86.7,Month-to-month,Credit card,1994.1,Yes
387,Male,1,41,69.4,Month-to-month,Debit card,2845.4,No
388,Male,0,18,95.23,Month-to-month,Debit card,1714.14,Yes
389,Female,0,36,39.17,Month-to-month,Credit card,1410.12,No
390,Female,0,12,56.7,Month-to-month,Credit card,680.4,No
391,Male,0,69,108.85,One year,Credit card,7510.65,No
392,Male,0,51,113.57,One year,Net Banking,5792.07,No
393,Female,0,32,112.17,Month-to-month,Debit card,3589.44,Yes
394,Male,0,71,101.83,Month-to-month,Net Banking,7229.93,Yes
395,Male,0,36,88.82,One year,Debit card,3197.52,Yes
396,Female,0,40,111.37,Month-to-month,UPI,4454.8,Yes
397,Male,0,70,91.42,Two year,Debit card,6399.4,No
398,Male,0,38,115.39,Month-to-month,Credit card,4384.82,Yes
399,Female,0,54,22.48,Month-to-month,Debit card,1213.92,Yes
400,Female,1,4,112.16,Two year,Debit card,448.64,Yes
401,Female,0,46,75.57,Month-to-month,UPI,3476.22,No
402,Female,0,63,31.18,Month-to-month,UPI,1964.34,Yes
403,Male,0,50,41.49,One year,Net Banking,2074.5,No
404,Male,0,30,105.22,One year,Net Banking,3156.6,Yes
405,Male,0,16,70.61,Month-to-month,Credit card,1129.76,No
406,Male,0,52,118.28,Month-to-month,Net Banking,6150.56,Yes
407,Male,1,4,31.75,Month-to-month,Net Banking,127.0,Yes
408,Female,0,26,61.25,One year,UPI,1592.5,No
409,Male,0,29,53.19,Month-to-month,Credit card,1542.51,No
410,Male,0,11,71.61,One year,Credit card,787.71,Yes
411,Female,1,24,83.34,One year,Net Banking,2000.16,Yes
412,Male,0,51,86.16,Month-to-month,Credit card,4394.16,Yes
413,Male,0,42,20.13,Month-to-month,Credit card,845.46,Yes
414,Female,0,39,28.9,Month-to-month,UPI,1127.1,Yes
415,Female,0,7,23.51,Month-to-month,Net Banking,164.57,Yes
416,Male,1,18,106.46,One year,Credit card,1916.28,Yes
417,Female,1,3,51.33,One year,Net Banking,153.99,Yes
418,Male,0,63,56.71,Month-to-month,Net Banking,3572.73,Yes
419,Male,0,20,65.04,Two year,Credit card,1300.8,No
420,Female,1,70,104.93,Month-to-month,Debit card,7345.1,Yes
421,Male,0,17,21.42,Month-to-month,Credit card,364.14,Yes
422,Female,0,59,31.86,Month-to-month,Debit card,1879.74,No
423,Female,0,54,88.52,Month-to-month,UPI,4780.08,Yes
424,Male,0,13,116.39,Month-to-month,Net Banking,1513.07,Yes
425,Male,1,42,84.28,Two year,Debit card,3539.76,No
426,Female,0,44,46.11,Month-to-month,Net Banking,2028.84,Yes
427,Female,0,67,71.99,Two year,UPI,4823.33,No
428,Female,0,20,117.5,Month-to-month,UPI,2350.0,Yes
429,Female,0,47,72.81,One year,Debit card,3422.07,No
430,Male,0,24,57.35,Two year,UPI,1376.4,No
431,Female,0,51,58.34,Month-to-month,Net Banking,2975.34,Yes
432,Male,0,18,116.7,Month-to-month,UPI,2100.6,Yes
433,Female,0,23,91.89,Month-to-month,UPI,2113.47,Yes
434,Female,0,1,88.72,Two year,Debit card,88.72,Yes
435,Male,0,66,43.21,One year,UPI,2851.86,No
436,Male,0,5,75.95,One year,Credit card,379.75,Yes
437,Female,1,18,55.67,One year,Net Banking,1002.06,Yes
438,Male,0,35,44.02,Month-to-month,Debit card,1540.7,No
439,Male,1,25,109.56,Month-to-month,Credit card,2739.0,Yes
440,Male,0,24,58.32,Month-to-month,Debit card,1399.68,No
441,Male,1,13,48.28,Month-to-month,Credit card,627.64,No
442,Female,0,21,113.17,One year,UPI,2376.57,No
443,Male,0,39,39.73,One year,Credit card,1549.47,No
444,Female,0,34,94.55,Two year,Credit card,3214.7,No
445,Female,0,19,85.27,Month-to-month,Credit card,1620.13,Yes
446,Female,0,28,112.05,Month-to-month,Net Banking,3137.4,Yes
447,Female,0,11,103.2,One year,Debit card,1135.2,Yes
448,Male,0,49,90.53,Month-to-month,UPI,4435.97,Yes
449,Female,0,35,51.46,Month-to-month,UPI,1801.1,No
450,Female,0,57,69.56,Month-to-month,Net Banking,3964.92,No
451,Male,0,28,114.45,Month-to-month,Net Banking,3204.6,Yes
452,Male,0,66,22.32,Two year,Net Banking,1473.12,No
453,Male,0,65,99.43,Month-to-month,Credit card,6462.95,Yes
454,Female,1,22,45.18,Two year,Net Banking,993.96,No
455,Male,0,51,38.5,Two year,Net Banking,1963.5,No
456,Female,1,9,43.22,Month-to-month,Credit card,388.98,Yes
457,Female,0,71,25.98,One year,Debit card,1844.58,Yes
458,Female,1,36,119.2,Month-to-month,Net Banking,4291.2,Yes
459,Male,0,54,106.99,Month-to-month,Net Banking,5777.46,Yes
460,Female,0,38,72.11,Two year,Credit card,2740.18,No
461,Female,1,66,91.51,Month-to-month,Credit card,6039.66,Yes
462,Male,0,43,75.66,Month-to-month,Credit card,3253.38,No
463,Female,0,5,101.16,Month-to-month,Debit card,505.8,Yes
464,Male,1,37,104.48,Month-to-month,Net Banking,3865.76,Yes
465,Male,0,58,43.28,Month-to-month,Net Banking,2510.24,No
466,Male,0,63,65.97,Month-to-month,Credit card,4156.11,No
467,Male,0,51,83.48,Month-to-month,Credit card,4257.48,Yes
468,Male,0,43,117.84,Two year,Net Banking,5067.12,No
469,Male,1,67,88.27,Month-to-month,Net Banking,5914.09,Yes
470,Female,0,67,109.76,Month-to-month,Net Banking,7353.92,Yes
471,Male,0,65,104.61,Month-to-month,Credit card,6799.65,Yes
472,Female,0,62,78.21,One year,Debit card,4849.02,No
473,Female,0,63,109.37,Month-to-month,Debit card,6890.31,Yes
474,Female,1,30,57.74,Two year,Net Banking,1732.2,No
475,Female,0,38,57.93,One year,UPI,2201.34,Yes
476,Male,0,51,98.1,Month-to-month,Debit card,5003.1,Yes
477,Female,0,38,33.45,Month-to-month,UPI,1271.1,No
478,Male,1,67,50.58,Month-to-month,UPI,3388.86,Yes
479,Female,0,48,80.86,One year,Net Banking,3881.28,Yes
480,Male,0,12,62.01,Month-to-month,Credit card,744.12,No
481,Male,0,20,114.07,One year,UPI,2281.4,No
482,Female,0,2,115.85,Two year,Net Banking,231.7,Yes
483,Male,0,55,70.26,One year,Credit card,3864.3,No
484,Male,0,6,73.91,One year,Debit card,443.46,Yes
485,Male,1,62,92.46,One year,Net Banking,5732.52,Yes
486,Male,1,49,65.73,Month-to-month,Debit card,3220.77,No
487,Female,0,54,39.01,Month-to-month,Net Banking,2106.54,Yes
488,Female,0,10,94.7,Month-to-month,UPI,947.0,Yes
489,Female,0,24,93.78,Month-to-month,Credit card,2250.72,Yes
490,Female,0,29,44.5,Two year,UPI,1290.5,No
491,Male,0,6,103.29,Month-to-month,Net Banking,619.74,Yes
492,Female,0,58,81.36,One year,Net Banking,4718.88,No
493,Female,1,57,43.63,One year,UPI,2486.91,No
494,Male,0,3,85.2,One year,Net Banking,255.6,Yes
495,Male,0,24,43.36,Month-to-month,Debit card,1040.64,No
496,Female,0,19,46.52,Month-to-month,UPI,883.88,No
497,Female,0,9,104.8,Month-to-month,Credit card,943.2,Yes
498,Female,0,30,112.95,Two year,Debit card,3388.5,No
499,Male,1,44,45.69,Month-to-month,Debit card,2010.36,No
500,Female,1,53,112.81,Month-to-month,Net Banking,5978.93,Yes
501,Male,0,68,43.88,Month-to-month,UPI,2983.84,No
502,Male,0,60,31.73,Month-to-month,Net Banking,1903.8,No
503,Female,1,23,25.82,Month-to-month,UPI,593.86,No
504,Male,0,61,44.21,Two year,UPI,2696.81,No
505,Male,0,7,58.52,One year,Credit card,409.64,Yes
506,Female,0,44,112.75,Two year,Net Banking,4961.0,No
507,Male,0,55,44.22,Month-to-month,UPI,2432.1,No
508,Male,0,39,56.55,Month-to-month,Credit card,2205.45,No
509,Male,0,59,93.42,One year,UPI,5511.78,No
510,Female,0,5,50.21,One year,Net Banking,251.05,Yes
511,Male,0,42,88.44,Month-to-month,UPI,3714.48,Yes
512,Male,0,14,63.21,Two year,Debit card,884.94,No
513,Male,0,27,39.64,Two year,Net Banking,1070.28,No
514,Female,0,16,93.41,Month-to-month,Debit card,1494.56,Yes
515,Female,0,2,22.7,Month-to-month,Credit card,45.4,Yes
516,Female,0,19,49.23,Month-to-month,UPI,935.37,No
517,Female,0,23,55.62,Two year,Net Banking,1279.26,No
518,Female,0,41,65.82,Month-to-month,Credit card,2698.62,Yes
519,Female,0,14,87.99,One year,Debit card,1231.86,Yes
520,Female,0,47,65.94,One year,Debit card,3099.18,No
521,Male,0,63,79.43,Month-to-month,Debit card,5004.09,Yes
522,Male,0,8,79.58,Month-to-month,Debit card,636.64,Yes
523,Female,0,27,57.33,Month-to-month,Credit card,1547.91,No
524,Female,0,40,113.4,Two year,UPI,4536.0,No
525,Female,0,28,115.59,One year,Credit card,3236.52,Yes
526,Male,0,68,78.19,One year,UPI,5316.92,No
527,Male,0,61,27.17,Month-to-month,Net Banking,1657.37,No
528,Male,0,38,69.11,Month-to-month,Debit card,2626.18,No
529,Male,1,24,38.44,Two year,Credit card,922.56,No
530,Female,1,28,68.32,Month-to-month,Net Banking,1912.96,No
531,Male,0,41,38.85,Month-to-month,UPI,1592.85,Yes
532,Male,0,18,90.39,Month-to-month,Net Banking,1627.02,Yes
533,Male,1,49,28.04,Month-to-month,Net Banking,1373.96,No
534,Female,0,26,115.33,Month-to-month,UPI,2998.58,Yes
535,Female,0,3,39.54,Month-to-month,Net Banking,118.62,Yes
536,Female,0,38,86.07,One year,Debit card,3270.66,No
537,Male,1,14,111.7,Month-to-month,UPI,1563.8,Yes
538,Male,0,1,44.79,Two year,UPI,44.79,Yes
539,Male,1,11,113.43,Month-to-month,Credit card,1247.73,Yes
540,Female,0,40,58.87,Month-to-month,Net Banking,2354.8,Yes
541,Female,1,4,116.05,Month-to-month,Debit card,464.2,Yes
542,Male,1,34,117.14,Two year,Debit card,3982.76,No
543,Male,1,65,38.81,Two year,UPI,2522.65,No
544,Female,0,56,103.11,Month-to-month,Net Banking,5774.16,Yes
545,Male,1,10,39.34,Month-to-month,UPI,393.4,Yes
546,Male,1,71,42.64,Month-to-month,Debit card,3027.44,No
547,Male,0,64,28.41,Two year,Debit card,1818.24,No
548,Female,0,13,35.65,One year,Debit card,463.45,No
549,Female,0,22,83.22,Two year,UPI,1830.84,No
550,Female,0,56,64.93,Month-to-month,Net Banking,3636.08,No
551,Female,0,65,99.09,Month-to-month,Net Banking,6440.85,Yes
552,Female,0,13,53.2,One year,UPI,691.6,No
553,Female,0,1,116.86,Two year,Debit card,116.86,Yes
554,Female,0,38,24.99,Month-to-month,Net Banking,949.62,No
555,Female,0,58,26.29,Month-to-month,Debit card,1524.82,No
556,Female,0,25,90.14,Two year,UPI,2253.5,No
557,Male,1,42,108.75,Month-to-month,Net Banking,4567.5,Yes
558,Male,0,33,99.55,Month-to-month,Net Banking,3285.15,Yes
559,Male,1,57,68.98,Month-to-month,UPI,3931.86,No
560,Male,0,37,46.96,Month-to-month,UPI,1737.52,No
561,Female,0,57,21.35,Month-to-month,Net Banking,1216.95,Yes
562,Male,0,62,70.95,One year,Credit card,4398.9,No
563,Male,0,3,67.56,Month-to-month,Debit card,202.68,Yes
564,Male,0,30,54.42,Month-to-month,Credit card,1632.6,No
565,Female,0,67,77.81,One year,Net Banking,5213.27,No
566,Male,0,63,92.88,Two year,Credit card,5851.44,No
567,Male,1,23,90.09,One year,UPI,2072.07,No
568,Male,0,66,46.33,One year,Debit card,3057.78,No
569,Female,0,61,78.53,Two year,UPI,4790.33,No
570,Male,1,2,34.88,One year,UPI,69.76,Yes
571,Female,1,27,32.16,Two year,UPI,868.32,No
572,Female,1,48,98.59,One year,UPI,4732.32,No
573,Male,1,63,89.37,One year,Debit card,5630.31,No
574,Female,0,5,96.79,One year,Net Banking,483.95,Yes
575,Female,1,1,35.25,Two year,Net Banking,35.25,Yes
576,Male,1,22,111.46,One year,Debit card,2452.12,Yes
577,Female,0,24,33.31,One year,UPI,799.44,No
578,Male,0,59,107.0,Month-to-month,Credit card,6313.0,Yes
579,Male,0,50,55.24,Two year,Net Banking,2762.0,No
580,Male,0,23,30.54,Month-to-month,UPI,702.42,No
581,Female,0,18,48.68,Month-to-month,Credit card,876.24,No
582,Male,0,22,38.14,One year,Credit card,839.08,No
583,Male,0,44,69.07,Month-to-month,UPI,3039.08,No
584,Male,0,44,114.97,Month-to-month,Debit card,5058.68,Yes
585,Female,0,37,52.79,Month-to-month,UPI,1953.23,No
586,Male,0,7,81.21,Month-to-month,Debit card,568.47,Yes
587,Female,0,24,109.17,Month-to-month,Credit card,2620.08,Yes
588,Female,0,41,83.01,Month-to-month,Net Banking,3403.41,Yes
589,Male,0,70,56.22,Two year,Debit card,3935.4,No
590,Female,0,71,119.08,Month-to-month,Debit card,8454.68,Yes
591,Male,0,18,38.74,One year,Debit card,697.32,No
592,Female,0,60,72.33,One year,Net Banking,4339.8,Yes
593,Male,0,52,99.67,Month-to-month,UPI,5182.84,Yes
594,Male,0,49,20.06,One year,Credit card,982.94,No
595,Female,0,67,90.2,Month-to-month,Credit card,6043.4,Yes
596,Male,0,45,46.65,One year,Debit card,2099.25,Yes
597,Male,0,9,36.97,Month-to-month,Credit card,332.73,Yes
598,Female,1,26,47.42,Two year,Debit card,1232.92,No
599,Female,0,26,116.68,Month-to-month,Net Banking,3033.68,Yes
600,Female,1,30,109.19,Month-to-month,Debit card,3275.7,Yes
601,Female,0,27,41.38,Month-to-month,Net Banking,1117.26,Yes
602,Female,0,4,31.7,One year,Debit card,126.8,Yes
603,Male,1,51,56.42,Month-to-month,Debit card,2877.42,No
604,Male,0,70,79.23,Month-to-month,Net Banking,5546.1,No
605,Male,1,10,106.71,Month-to-month,UPI,1067.1,Yes
606,Female,0,36,116.61,Month-to-month,Net Banking,4197.96,Yes
607,Female,1,46,95.12,One year,Debit card,4375.52,No
608,Male,0,6,79.9,Month-to-month,Credit card,479.4,Yes
609,Female,1,70,34.23,One year,UPI,2396.1,No
610,Male,0,3,27.4,Month-to-month,Credit card,82.2,Yes
611,Male,0,50,79.6,Month-to-month,UPI,3980.0,No
612,Female,1,42,73.91,Month-to-month,Debit card,3104.22,No
613,Female,0,54,104.61,Two year,UPI,5648.94,No
614,Female,0,39,52.26,One year,Credit card,2038.14,No
615,Female,1,55,23.97,Month-to-month,Net Banking,1318.35,No
616,Female,0,11,62.37,One year,UPI,686.07,Yes
617,Female,0,30,116.92,One year,UPI,3507.6,No
618,Male,0,56,99.56,Month-to-month,Debit card,5575.36,Yes
619,Female,0,29,23.38,Month-to-month,Debit card,678.02,No
620,Male,0,17,107.47,Month-to-month,UPI,1826.99,Yes
621,Male,0,33,67.17,Month-to-month,Debit card,2216.61,No
622,Male,0,21,56.48,Month-to-month,Debit card,1186.08,Yes
623,Female,0,10,54.67,One year,Net Banking,546.7,Yes
624,Male,0,39,79.51,Month-to-month,UPI,3100.89,Yes
625,Female,0,47,73.06,Month-to-month,Credit card,3433.82,Yes
626,Female,0,52,85.66,Month-to-month,Net Banking,4454.32,Yes
627,Female,0,41,77.36,Month-to-month,Debit card,3171.76,No
628,Female,0,47,34.39,Month-to-month,Net Banking,1616.33,No
629,Female,0,71,45.72,One year,UPI,3246.12,No
630,Male,0,43,104.1,Month-to-month,UPI,4476.3,Yes
631,Female,1,37,86.33,One year,UPI,3194.21,No
632,Male,0,64,64.84,Month-to-month,Credit card,4149.76,No
633,Female,1,71,38.26,One year,Credit card,2716.46,Yes
634,Female,0,60,20.77,Month-to-month,Credit card,1246.2,No
635,Female,0,25,51.19,One year,Debit card,1279.75,Yes
636,Male,0,22,25.48,One year,UPI,560.56,No
637,Male,1,43,68.23,Month-to-month,UPI,2933.89,No
638,Male,0,71,102.18,One year,Credit card,7254.78,No
639,Male,0,70,48.54,Month-to-month,Net Banking,3397.8,No
640,Female,0,36,104.78,Month-to-month,Net Banking,3772.08,Yes
641,Female,0,46,90.46,Two year,Debit card,4161.16,No
642,Male,0,22,32.53,Month-to-month,Net Banking,715.66,No
643,Male,0,35,84.46,Month-to-month,Debit card,2956.1,Yes
644,Male,0,47,35.17,Month-to-month,Net Banking,1652.99,No
645,Male,1,33,85.48,Month-to-month,Net Banking,2820.84,Yes
646,Female,0,13,34.27,Two year,Net Banking,445.51,No
647,Female,1,56,59.25,Month-to-month,UPI,3318.0,Yes
648,Female,1,67,76.66,Month-to-month,Credit card,5136.22,No
649,Male,1,13,25.04,Month-to-month,UPI,325.52,Yes
650,Male,1,50,35.33,Month-to-month,Credit card,1766.5,No
651,Female,1,57,52.04,Month-to-month,Net Banking,2966.28,No
652,Male,0,28,66.23,Month-to-month,Credit card,1854.44,No
653,Male,0,65,105.85,Month-to-month,UPI,6880.25,Yes
654,Male,0,24,38.73,Two year,Credit card,929.52,No
655,Female,0,67,54.75,Month-to-month,Credit card,3668.25,No
656,Male,0,7,67.58,Month-to-month,Credit card,473.06,Yes
657,Female,0,24,49.58,Two year,Net Banking,1189.92,No
658,Male,0,9,82.57,One year,Credit card,743.13,Yes
659,Male,1,15,45.66,One year,Net Banking,684.9,Yes
660,Female,0,56,97.24,One year,Net Banking,5445.44,Yes
661,Female,0,17,70.52,Month-to-month,Debit card,1198.84,Yes
662,Female,0,19,28.63,One year,Credit card,543.97,Yes
663,Female,0,9,82.7,Month-to-month,Net Banking,744.3,Yes
664,Male,1,64,76.92,One year,Credit card,4922.88,No
665,Male,0,57,53.86,Month-to-month,Credit card,3070.02,No
666,Female,0,38,21.12,Two year,UPI,802.56,No
667,Female,0,8,40.07,One year,Debit card,320.56,Yes
668,Male,0,6,60.57,Month-to-month,Credit card,363.42,Yes
669,Male,0,49,39.99,Month-to-month,Credit card,1959.51,No
670,Male,0,45,77.75,Month-to-month,Net Banking,3498.75,No
671,Female,0,21,91.23,One year,Net Banking,1915.83,No
672,Female,0,34,105.6,Month-to-month,UPI,3590.4,Yes
673,Male,1,12,84.7,Month-to-month,Debit card,1016.4,Yes
674,Female,0,39,88.9,Two year,Debit card,3467.1,No
675,Male,0,6,80.84,Two year,Debit card,485.04,Yes
676,Female,0,32,118.55,Two year,Credit card,3793.6,No
677,Female,0,60,46.1,Month-to-month,Debit card,2766.0,No
678,Male,1,8,46.63,One year,UPI,373.04,Yes
679,Male,0,38,32.63,Two year,UPI,1239.94,No
680,Female,1,19,68.57,Month-to-month,Credit card,1302.83,Yes
681,Male,0,55,29.62,Month-to-month,Credit card,1629.1,No
682,Female,1,9,47.01,One year,Credit card,423.09,Yes
683,Male,0,52,68.27,Two year,Net Banking,3550.04,No
684,Male,0,28,115.76,One year,Credit card,3241.28,Yes
685,Female,0,62,116.38,Month-to-month,UPI,7215.56,Yes
686,Male,0,48,94.37,Month-to-month,Credit card,4529.76,Yes
687,Female,0,39,58.93,One year,Net Banking,2298.27,No
688,Female,0,53,106.52,Month-to-month,Credit card,5645.56,Yes
689,Female,1,63,107.55,One year,Net Banking,6775.65,No
690,Female,0,19,111.02,Month-to-month,Net Banking,2109.38,Yes
691,Male,0,33,84.0,Month-to-month,Net Banking,2772.0,Yes
692,Female,1,64,40.18,Month-to-month,Credit card,2571.52,No
693,Female,0,26,29.11,Month-to-month,Credit card,756.86,Yes
694,Female,1,45,111.48,One year,UPI,5016.6,No
695,Male,0,1,25.55,Month-to-month,Debit card,25.55,Yes
696,Female,0,66,49.59,One year,Credit card,3272.94,Yes
697,Female,0,35,68.7,One year,UPI,2404.5,No
698,Male,1,45,22.2,Month-to-month,Debit card,999.0,No
699,Female,1,33,110.69,Two year,UPI,3652.77,No
700,Female,1,69,48.71,One year,Debit card,3360.99,No
701,Male,0,31,22.85,One year,UPI,708.35,Yes
702,Female,1,64,119.36,Two year,Credit card,7639.04,No
703,Female,0,15,51.14,Month-to-month,Debit card,767.1,No
704,Male,0,46,107.68,Month-to-month,Net Banking,4953.28,Yes
705,Male,1,48,65.35,Month-to-month,UPI,3136.8,No
706,Male,0,68,86.31,Month-to-month,Credit card,5869.08,Yes
707,Female,0,40,44.11,Month-to-month,Credit card,1764.4,Yes
708,Female,0,1,70.29,One year,Debit card,70.29,Yes
709,Male,0,20,45.77,Month-to-month,UPI,915.4,No
710,Female,0,22,115.11,Month-to-month,Credit card,2532.42,Yes
711,Male,0,54,26.09,Month-to-month,Net Banking,1408.86,No
712,Female,1,65,47.47,Month-to-month,UPI,3085.55,Yes
713,Male,0,15,109.31,One year,Credit card,1639.65,Yes
714,Male,0,61,68.0,One year,Credit card,4148.0,Yes
715,Male,0,14,80.01,Month-to-month,Net Banking,1120.14,Yes
716,Female,1,69,85.17,Month-to-month,Credit card,5876.73,Yes
717,Male,0,49,27.09,Month-to-month,Debit card,1327.41,Yes
718,Male,0,6,21.77,One year,UPI,130.62,Yes
719,Female,0,41,113.78,Two year,Debit card,4664.98,No
720,Male,0,31,47.15,Month-to-month,Debit card,1461.65,Yes
721,Female,0,64,58.03,One year,Net Banking,3713.92,Yes
722,Male,0,51,88.21,Two year,Debit card,4498.71,No
723,Male,0,59,43.63,Month-to-month,Debit card,2574.17,Yes
724,Male,1,55,93.31,Two year,Debit card,5132.05,No
725,Male,0,49,65.82,Month-to-month,Credit card,3225.18,Yes
726,Male,1,40,105.66,Two year,Net Banking,4226.4,No
727,Male,0,15,47.85,Month-to-month,Credit card,717.75,No
728,Male,0,70,40.38,Month-to-month,Credit card,2826.6,No
729,Female,0,65,103.17,Two year,Debit card,6706.05,No
730,Male,1,7,52.63,Month-to-month,Credit card,368.41,Yes
731,Female,0,62,61.19,Two year,Credit card,3793.78,No
732,Female,1,54,99.37,Month-to-month,Credit card,5365.98,Yes
733,Female,0,52,83.56,One year,Debit card,4345.12,No
734,Female,0,51,64.17,Month-to-month,UPI,3272.67,No
735,Female,0,4,44.99,Two year,UPI,179.96,Yes
736,Female,0,1,96.42,Month-to-month,Credit card,96.42,Yes
737,Male,0,66,38.04,Month-to-month,Debit card,2510.64,Yes
738,Male,0,35,112.83,One year,Net Banking,3949.05,No
739,Male,0,10,35.03,Two year,UPI,350.3,Yes
740,Male,0,67,100.49,Month-to-month,Credit card,6732.83,Yes
741,Male,0,68,62.42,Month-to-month,Debit card,4244.56,No
742,Female,0,65,38.6,Month-to-month,UPI,2509.0,No
743,Female,0,51,60.24,Month-to-month,UPI,3072.24,No
744,Female,0,30,42.16,One year,Debit card,1264.8,No
745,Male,0,39,33.6,Month-to-month,UPI,1310.4,No
746,Male,1,10,43.92,One year,Credit card,439.2,Yes
747,Male,0,44,106.74,Month-to-month,Credit card,4696.56,Yes
748,Male,1,32,30.59,Month-to-month,Debit card,978.88,No
749,Female,0,44,117.25,Month-to-month,Debit card,5159.0,Yes
750,Female,0,63,20.5,One year,Net Banking,1291.5,No
751,Male,0,61,85.82,Month-to-month,Net Banking,5235.02,Yes
752,Female,0,65,105.65,Month-to-month,Credit card,6867.25,Yes
753,Male,0,41,113.4,Month-to-month,Debit card,4649.4,Yes
754,Male,0,12,34.4,One year,Net Banking,412.8,No
755,Male,0,2,89.82,Month-to-month,Net Banking,179.64,Yes
756,Female,0,60,30.73,Two year,UPI,1843.8,No
757,Female,0,25,55.26,One year,UPI,1381.5,Yes
758,Female,0,61,93.19,Month-to-month,Net Banking,5684.59,Yes
759,Male,0,22,54.6,Month-to-month,UPI,1201.2,No
760,Male,1,56,51.34,Month-to-month,Net Banking,2875.04,No
761,Male,0,21,31.61,Two year,UPI,663.81,No
762,Female,0,55,26.64,Month-to-month,Debit card,1465.2,No
763,Male,1,40,31.53,Month-to-month,UPI,1261.2,Yes
764,Male,0,51,107.55,Month-to-month,Debit card,5485.05,Yes
765,Female,0,22,21.12,One year,Credit card,464.64,Yes
766,Male,0,28,89.29,One year,UPI,2500.12,Yes
767,Female,0,4,96.86,Two year,Debit card,387.44,Yes
768,Female,0,26,76.79,Month-to-month,Net Banking,1996.54,No
769,Male,0,60,93.08,Month-to-month,Credit card,5584.8,Yes
770,Male,0,23,85.23,Month-to-month,UPI,1960.29,Yes
771,Male,0,41,65.56,Two year,Net Banking,2687.96,No
772,Male,0,58,58.27,Two year,Net Banking,3379.66,No
773,Female,0,8,114.13,Two year,UPI,913.04,Yes
774,Female,1,51,117.19,Month-to-month,UPI,5976.69,Yes
775,Female,1,61,85.13,Month-to-month,Debit card,5192.93,Yes
776,Female,0,1,39.73,Month-to-month,Debit card,39.73,Yes
777,Female,1,30,64.79,Month-to-month,Credit card,1943.7,Yes
778,Female,0,17,69.65,Month-to-month,UPI,1184.05,Yes
779,Female,0,23,95.8,Month-to-month,Credit card,2203.4,Yes
780,Male,0,24,86.78,Month-to-month,Debit card,2082.72,Yes
781,Male,0,69,71.48,Month-to-month,UPI,4932.12,No
782,Male,0,52,88.04,Month-to-month,Net Banking,4578.08,Yes
783,Male,0,71,22.41,Month-to-month,Credit card,1591.11,No
784,Male,0,58,97.66,One year,UPI,5664.28,No
785,Male,0,22,41.16,Month-to-month,Net Banking,905.52,No
786,Female,0,59,85.64,One year,Debit card,5052.76,No
787,Male,1,44,31.4,Month-to-month,Net Banking,1381.6,Yes
788,Male,1,37,31.45,One year,Credit card,1163.65,No
789,Female,0,34,23.57,Month-to-month,UPI,801.38,No
790,Female,0,57,111.02,Month-to-month,Net Banking,6328.14,Yes
791,Male,0,57,80.46,One year,UPI,4586.22,Yes
792,Female,1,40,56.2,Two year,Net Banking,2248.0,No
793,Male,0,20,98.78,Month-to-month,UPI,1975.6,Yes
794,Female,1,17,82.61,Month-to-month,Credit card,1404.37,Yes
795,Male,0,52,82.01,Two year,Debit card,4264.52,No
796,Male,1,4,68.7,Month-to-month,Debit card,274.8,Yes
797,Male,0,63,20.79,Month-to-month,Net Banking,1309.77,No
798,Female,0,50,45.85,Two year,Credit card,2292.5,No
799,Female,0,50,30.91,One year,UPI,1545.5,No
800,Male,1,16,86.24,Month-to-month,Credit card,1379.84,Yes
801,Female,1,61,44.86,Two year,Credit card,2736.46,No
802,Female,0,44,65.02,Month-to-month,Net Banking,2860.88,No
803,Male,0,18,55.34,Month-to-month,Debit card,996.12,Yes
804,Male,1,50,34.32,One year,Credit card,1716.0,No
805,Female,1,30,115.84,Month-to-month,Net Banking,3475.2,Yes
806,Female,0,49,113.34,Month-to-month,UPI,5553.66,Yes
807,Male,0,21,28.46,Two year,Debit card,597.66,No
808,Female,0,22,102.74,Month-to-month,Debit card,2260.28,Yes
809,Female,1,47,68.84,One year,UPI,3235.48,No
810,Female,0,25,97.37,Month-to-month,Credit card,2434.25,Yes
811,Male,0,56,35.12,Month-to-month,Debit card,1966.72,No
812,Female,0,64,33.23,One year,Credit card,2126.72,No
813,Female,0,28,109.08,One year,Net Banking,3054.24,No
814,Male,0,33,109.78,Two year,UPI,3622.74,No
815,Female,0,66,66.59,Two year,Debit card,4394.94,No
816,Male,0,4,107.02,Month-to-month,UPI,428.08,Yes
817,Male,0,12,86.75,Month-to-month,Debit card,1041.0,Yes
818,Male,1,17,38.5,Month-to-month,UPI,654.5,No
819,Male,0,36,52.9,Month-to-month,Net Banking,1904.4,Yes
820,Male,0,16,33.61,Month-to-month,Net Banking,537.76,No
821,Male,0,23,97.39,Month-to-month,Credit card,2239.97,Yes
822,Female,1,9,118.53,One year,Net Banking,1066.77,Yes
823,Male,0,55,74.64,Month-to-month,UPI,4105.2,No
824,Female,0,64,85.59,Two year,UPI,5477.76,No
825,Male,1,47,94.61,Month-to-month,Net Banking,4446.67,Yes
826,Male,0,67,42.43,Month-to-month,UPI,2842.81,No
827,Female,0,10,53.6,One year,UPI,536.0,Yes
828,Male,0,4,61.23,One year,UPI,244.92,Yes
829,Male,1,30,79.46,Month-to-month,Credit card,2383.8,No
830,Male,0,11,105.05,Month-to-month,Credit card,1155.55,Yes
831,Male,1,51,45.42,Month-to-month,Debit card,2316.42,No
832,Female,0,19,67.09,One year,UPI,1274.71,No
833,Male,0,13,95.15,Two year,Credit card,1236.95,No
834,Male,0,57,28.74,Month-to-month,Net Banking,1638.18,Yes
835,Male,0,3,71.29,Month-to-month,UPI,213.87,Yes
836,Female,0,38,34.44,Month-to-month,UPI,1308.72,No
837,Male,0,27,73.91,Month-to-month,Debit card,1995.57,No
838,Male,0,10,96.78,Month-to-month,Net Banking,967.8,Yes
839,Female,1,53,43.69,Month-to-month,Net Banking,2315.57,No
840,Male,1,27,104.95,Month-to-month,UPI,2833.65,Yes
841,Female,0,7,53.48,Month-to-month,Credit card,374.36,Yes
842,Female,0,13,39.08,Month-to-month,Debit card,508.04,No
843,Female,0,60,66.53,Month-to-month,Debit card,3991.8,No
844,Female,0,14,107.61,One year,Debit card,1506.54,No
845,Female,0,44,26.89,Two year,UPI,1183.16,No
846,Male,0,70,52.76,Month-to-month,Debit card,3693.2,No
847,Male,0,28,85.32,Month-to-month,Credit card,2388.96,Yes
848,Female,0,23,55.76,Month-to-month,Net Banking,1282.48,No
849,Male,0,12,27.08,Month-to-month,Credit card,324.96,No
850,Male,1,24,53.2,Month-to-month,Debit card,1276.8,No
851,Female,0,51,102.1,One year,Net Banking,5207.1,No
852,Female,0,22,116.8,Month-to-month,Debit card,2569.6,Yes
853,Male,0,62,23.98,Month-to-month,Debit card,1486.76,No
854,Male,0,26,76.93,One year,UPI,2000.18,No
855,Female,0,58,30.53,Month-to-month,Net Banking,1770.74,No
856,Male,1,71,88.04,Month-to-month,Debit card,6250.84,Yes
857,Female,0,15,20.79,One year,Debit card,311.85,No
858,Female,1,68,21.47,Month-to-month,UPI,1459.96,No
859,Female,0,6,97.69,One year,Net Banking,586.14,Yes
860,Male,0,2,27.44,Two year,Debit card,54.88,Yes
861,Female,0,31,50.52,One year,Debit card,1566.12,No
862,Female,0,24,115.8,Month-to-month,Credit card,2779.2,Yes
863,Female,1,35,118.52,Month-to-month,Credit card,4148.2,Yes
864,Female,0,47,36.14,Month-to-month,Credit card,1698.58,Yes
865,Female,0,31,76.09,Two year,UPI,2358.79,No
866,Male,0,2,75.91,Two year,Credit card,151.82,Yes
867,Male,0,59,65.24,Month-to-month,Credit card,3849.16,No
868,Male,0,63,112.47,Two year,Debit card,7085.61,No
869,Female,0,17,95.4,Month-to-month,UPI,1621.8,Yes
870,Male,0,54,96.45,Month-to-month,Net Banking,5208.3,Yes
871,Female,0,21,46.96,Month-to-month,Debit card,986.16,No
872,Male,0,22,63.43,Month-to-month,Debit card,1395.46,Yes
873,Male,0,55,68.74,Two year,UPI,3780.7,No
874,Female,1,29,49.89,Month-to-month,UPI,1446.81,No
875,Male,0,21,29.48,One year,Debit card,619.08,No
876,Male,0,2,32.64,Two year,Debit card,65.28,Yes
877,Male,0,42,38.07,One year,Debit card,1598.94,No
878,Female,0,52,40.37,Month-to-month,UPI,2099.24,No
879,Male,0,38,44.23,One year,Debit card,1680.74,No
880,Female,0,3,45.55,Month-to-month,Debit card,136.65,Yes
881,Female,1,25,65.57,One year,Net Banking,1639.25,Yes
882,Female,0,62,70.96,Month-to-month,Credit card,4399.52,No
883,Male,0,15,50.89,One year,Credit card,763.35,No
884,Male,0,70,110.73,One year,Credit card,7751.1,No
885,Female,0,10,75.31,One year,Credit card,753.1,Yes
886,Female,0,69,98.75,Two year,Credit card,6813.75,No
887,Male,1,44,112.42,Month-to-month,Debit card,4946.48,Yes
888,Male,1,41,36.31,Month-to-month,Debit card,1488.71,No
889,Male,0,20,62.79,Month-to-month,Net Banking,1255.8,No
890,Male,0,37,63.32,Month-to-month,UPI,2342.84,No
891,Female,0,39,55.45,Month-to-month,Net Banking,2162.55,No
892,Male,0,70,20.89,Month-to-month,UPI,1462.3,No
893,Female,0,8,101.6,One year,UPI,812.8,Yes
894,Female,0,43,31.16,Two year,Net Banking,1339.88,No
895,Male,0,10,119.55,Month-to-month,Debit card,1195.5,Yes
896,Male,0,41,97.3,Month-to-month,Net Banking,3989.3,Yes
897,Male,0,4,78.0,Month-to-month,Credit card,312.0,Yes
898,Male,0,4,35.46,Month-to-month,Net Banking,141.84,Yes
899,Male,0,24,71.54,One year,Debit card,1716.96,Yes
900,Male,0,21,46.11,Month-to-month,Debit card,968.31,No
901,Male,0,10,45.23,One year,UPI,452.3,Yes
902,Female,0,46,102.95,Month-to-month,UPI,4735.7,Yes
903,Female,0,70,58.06,Two year,Net Banking,4064.2,No
904,Male,0,44,65.07,Two year,UPI,2863.08,No
905,Female,1,33,104.3,Two year,Net Banking,3441.9,No
906,Female,0,36,28.78,Month-to-month,UPI,1036.08,No
907,Male,0,25,79.46,Month-to-month,Debit card,1986.5,No
908,Female,1,13,77.82,Month-to-month,UPI,1011.66,Yes
909,Male,0,39,62.52,One year,Credit card,2438.28,No
910,Male,0,38,102.98,Month-to-month,Debit card,3913.24,Yes
911,Female,0,30,114.29,One year,Credit card,3428.7,No
912,Male,0,14,66.53,One year,Debit card,931.42,No
913,Male,0,50,65.61,Month-to-month,Net Banking,3280.5,Yes
914,Male,0,68,70.21,One year,Debit card,4774.28,No
915,Female,0,1,92.31,Month-to-month,UPI,92.31,Yes
916,Female,0,61,86.81,Month-to-month,Credit card,5295.41,Yes
917,Male,0,3,42.28,One year,Debit card,126.84,Yes
918,Male,0,50,26.39,Two year,Net Banking,1319.5,No
919,Female,0,61,114.93,One year,Credit card,7010.73,No
920,Female,0,36,46.11,One year,Debit card,1659.96,Yes
921,Male,0,4,83.86,Two year,Net Banking,335.44,Yes
922,Female,1,43,102.84,Month-to-month,Debit card,4422.12,Yes
923,Male,0,14,50.03,Two year,Debit card,700.42,No
924,Female,0,67,83.54,Month-to-month,Credit card,5597.18,Yes
925,Female,0,7,30.79,Month-to-month,Debit card,215.53,Yes
926,Female,0,8,116.99,Month-to-month,Credit card,935.92,Yes
927,Female,0,44,25.82,Month-to-month,Credit card,1136.08,No
928,Male,0,64,63.82,Month-to-month,UPI,4084.48,Yes
929,Male,0,7,73.68,Month-to-month,Credit card,515.76,Yes
930,Female,0,48,99.05,Month-to-month,Debit card,4754.4,Yes
931,Male,0,62,32.11,Month-to-month,Debit card,1990.82,No
932,Male,0,25,64.08,Month-to-month,Debit card,1602.0,No
933,Female,0,68,49.97,One year,Debit card,3397.96,No
934,Female,0,64,51.2,Month-to-month,Credit card,3276.8,No
935,Male,0,18,97.88,Month-to-month,UPI,1761.84,Yes
936,Female,0,4,20.55,Month-to-month,Credit card,82.2,Yes
937,Male,0,17,94.91,Month-to-month,Debit card,1613.47,Yes
938,Female,0,47,101.04,Two year,Credit card,4748.88,No
939,Male,1,45,110.14,One year,UPI,4956.3,Yes
940,Female,0,58,82.69,One year,Net Banking,4796.02,Yes
941,Female,0,3,53.35,Month-to-month,UPI,160.05,Yes
942,Male,0,12,62.72,Month-to-month,UPI,752.64,No
943,Female,0,17,116.97,Month-to-month,Net Banking,1988.49,Yes
944,Male,0,22,108.12,One year,UPI,2378.64,No
945,Male,1,39,66.35,One year,UPI,2587.65,No
946,Female,0,39,114.31,Two year,Credit card,4458.09,No
947,Female,1,16,102.3,Month-to-month,UPI,1636.8,Yes
948,Female,0,51,110.11,Month-to-month,UPI,5615.61,Yes
949,Female,1,29,88.3,Month-to-month,Debit card,2560.7,Yes
950,Male,0,71,105.77,One year,UPI,7509.67,No
951,Male,0,41,109.18,Month-to-month,Credit card,4476.38,Yes
952,Female,1,57,29.2,Month-to-month,Net Banking,1664.4,No
953,Male,0,28,116.52,Two year,Debit card,3262.56,No
954,Female,1,21,53.36,One year,Credit card,1120.56,No
955,Male,0,4,63.99,Month-to-month,Debit card,255.96,Yes
956,Female,1,15,99.19,Month-to-month,UPI,1487.85,Yes
957,Female,0,53,86.49,One year,Credit card,4583.97,Yes
958,Male,0,46,109.31,Month-to-month,Debit card,5028.26,Yes
959,Female,0,7,60.06,One year,Credit card,420.42,Yes
960,Male,0,18,57.33,Month-to-month,Debit card,1031.94,No
961,Female,0,21,23.17,Two year,UPI,486.57,No
962,Male,0,8,66.27,One year,Net Banking,530.16,Yes
963,Male,0,59,92.41,Two year,Net Banking,5452.19,No
964,Male,0,20,50.12,Month-to-month,Credit card,1002.4,Yes
965,Male,0,67,66.27,Month-to-month,Net Banking,4440.09,No
966,Female,0,55,41.94,Month-to-month,Credit card,2306.7,No
967,Female,0,62,97.28,Two year,Credit card,6031.36,No
968,Female,1,18,26.05,Month-to-month,UPI,468.9,No
969,Male,0,56,90.54,Month-to-month,UPI,5070.24,Yes
970,Female,0,22,57.89,Month-to-month,Debit card,1273.58,Yes
971,Female,1,8,24.16,One year,Credit card,193.28,Yes
972,Female,0,11,105.35,Two year,Debit card,1158.85,Yes
973,Female,0,12,68.77,One year,Debit card,825.24,No
974,Male,0,48,79.93,Month-to-month,UPI,3836.64,No
975,Female,0,63,93.2,Two year,Credit card,5871.6,No
976,Female,0,27,85.51,Month-to-month,UPI,2308.77,Yes
977,Male,0,35,93.09,Two year,Credit card,3258.15,No
978,Female,0,2,96.23,Month-to-month,Net Banking,192.46,Yes
979,Male,0,8,78.92,Month-to-month,Net Banking,631.36,Yes
980,Female,0,20,56.56,Month-to-month,Debit card,1131.2,No
981,Male,0,8,44.31,Month-to-month,UPI,354.48,Yes
982,Male,0,63,110.29,Month-to-month,UPI,6948.27,Yes
983,Female,1,68,116.99,Month-to-month,Credit card,7955.32,Yes
984,Female,0,31,55.77,Month-to-month,Debit card,1728.87,No
985,Female,0,32,31.23,Month-to-month,UPI,999.36,No
986,Female,1,13,42.25,Month-to-month,Debit card,549.25,Yes
987,Female,0,26,87.07,Two year,UPI,2263.82,No
988,Female,1,29,37.29,Two year,Net Banking,1081.41,No
989,Male,1,18,98.01,Two year,UPI,1764.18,No
990,Male,0,69,112.3,One year,UPI,7748.7,Yes
991,Male,0,12,116.37,One year,Net Banking,1396.44,No
992,Male,0,2,20.93,One year,Debit card,41.86,Yes
993,Female,1,42,115.82,One year,Debit card,4864.44,Yes
994,Male,0,7,94.02,Month-to-month,Debit card,658.14,Yes
995,Male,0,47,28.41,Month-to-month,Net Banking,1335.27,No
996,Male,0,54,61.52,Month-to-month,Net Banking,3322.08,Yes
997,Female,0,15,90.0,One year,Net Banking,1350.0,No
998,Female,1,58,115.67,One year,Debit card,6708.86,Yes
999,Female,1,33,36.41,Month-to-month,Debit card,1201.53,Yes
1000,Male,0,67,32.77,Month-to-month,Debit card,2195.59,No
1001,Female,0,63,67.23,Month-to-month,Debit card,4235.49,Yes
1002,Male,1,48,116.81,One year,Credit card,5606.88,Yes
1003,Male,0,66,117.14,Month-to-month,Net Banking,7731.24,Yes
1004,Male,0,65,42.79,Month-to-month,Net Banking,2781.35,Yes
1005,Female,0,36,51.93,Month-to-month,Net Banking,1869.48,No
1006,Female,1,17,110.8,One year,Debit card,1883.6,No
1007,Female,0,2,93.48,Two year,Debit card,186.96,Yes
1008,Male,0,33,117.23,Two year,Credit card,3868.59,No
1009,Female,0,6,109.31,Month-to-month,Credit card,655.86,Yes
1010,Female,0,43,41.51,Month-to-month,Debit card,1784.93,No
1011,Female,1,11,95.97,Month-to-month,Debit card,1055.67,Yes
1012,Male,0,5,24.86,Month-to-month,Debit card,124.3,Yes
1013,Male,0,30,101.78,One year,Net Banking,3053.4,Yes
1014,Male,0,10,80.16,Month-to-month,Credit card,801.6,Yes
1015,Male,1,24,115.61,One year,Net Banking,2774.64,No
1016,Female,0,59,116.0,Month-to-month,UPI,6844.0,Yes
1017,Female,0,67,25.08,Two year,UPI,1680.36,No
1018,Male,1,61,36.05,Month-to-month,UPI,2199.05,Yes
1019,Female,1,26,68.42,Month-to-month,UPI,1778.92,No
1020,Male,0,39,107.95,One year,Net Banking,4210.05,No
1021,Female,0,3,101.44,One year,UPI,304.32,Yes
1022,Female,0,38,116.44,Month-to-month,Debit card,4424.72,Yes
1023,Female,0,42,81.81,Two year,UPI,3436.02,No
1024,Male,0,48,45.66,Month-to-month,Debit card,2191.68,No
1025,Female,0,13,22.51,Month-to-month,Net Banking,292.63,Yes
1026,Female,0,56,42.29,Two year,Credit card,2368.24,No
1027,Female,1,59,87.53,Month-to-month,Credit card,5164.27,Yes
1028,Female,0,63,112.63,Month-to-month,UPI,7095.69,Yes
1029,Male,0,43,52.09,One year,Credit card,2239.87,No
1030,Male,0,57,107.57,One year,Debit card,6131.49,Yes
1031,Male,0,21,59.49,Month-to-month,UPI,1249.29,No
1032,Female,0,54,50.83,Month-to-month,UPI,2744.82,Yes
1033,Female,1,53,70.88,Month-to-month,Debit card,3756.64,No
1034,Female,0,45,64.23,Month-to-month,Debit card,2890.35,Yes
1035,Male,0,36,111.38,Two year,Net Banking,4009.68,No
1036,Male,0,63,66.83,Month-to-month,Debit card,4210.29,No
1037,Female,0,1,47.73,Month-to-month,Net Banking,47.73,Yes
1038,Male,0,67,104.26,One year,UPI,6985.42,Yes
1039,Male,0,33,119.87,One year,Credit card,3955.71,No
1040,Female,1,32,84.82,One year,Credit card,2714.24,No
1041,Male,1,58,45.05,Month-to-month,Net Banking,2612.9,Yes
1042,Female,0,26,43.88,Two year,Credit card,1140.88,No
1043,Male,0,61,25.77,Month-to-month,Credit card,1571.97,No
1044,Male,0,17,27.73,Month-to-month,UPI,471.41,No
1045,Male,1,69,111.5,One year,Net Banking,7693.5,Yes
1046,Male,0,29,29.65,Month-to-month,Debit card,859.85,No
1047,Female,0,63,68.43,Two year,Credit card,4311.09,No
1048,Female,0,6,89.81,Month-to-month,UPI,538.86,Yes
1049,Male,0,59,105.04,Two year,UPI,6197.36,No
1050,Female,0,21,37.13,Month-to-month,Credit card,779.73,No
1051,Male,0,45,63.78,Two year,Debit card,2870.1,No
1052,Female,0,45,45.15,One year,Debit card,2031.75,No
1053,Male,0,35,45.58,One year,Net Banking,1595.3,No
1054,Female,0,52,50.38,Month-to-month,Net Banking,2619.76,Yes
1055,Male,0,46,78.71,Two year,Net Banking,3620.66,No
1056,Male,0,66,21.66,Month-to-month,UPI,1429.56,No
1057,Female,0,57,60.88,Month-to-month,Debit card,3470.16,Yes
1058,Male,0,42,38.68,One year,Net Banking,1624.56,Yes
1059,Male,0,16,116.71,Month-to-month,UPI,1867.36,Yes
1060,Male,0,5,78.27,Month-to-month,Debit card,391.35,Yes
1061,Male,0,1,106.81,One year,Credit card,106.81,Yes
1062,Female,0,22,39.57,Month-to-month,Net Banking,870.54,No
1063,Female,0,48,101.0,One year,Net Banking,4848.0,Yes
1064,Male,0,26,61.48,One year,Debit card,1598.48,Yes
1065,Male,1,34,37.77,Month-to-month,Credit card,1284.18,No
1066,Female,0,58,96.12,Month-to-month,Credit card,5574.96,Yes
1067,Female,1,7,96.2,One year,UPI,673.4,Yes
1068,Male,1,25,119.59,One year,Net Banking,2989.75,No
1069,Male,0,57,98.09,Month-to-month,Credit card,5591.13,Yes
1070,Female,1,12,34.53,Month-to-month,UPI,414.36,Yes
1071,Male,0,31,52.25,Month-to-month,Net Banking,1619.75,No
1072,Female,0,27,65.17,One year,Net Banking,1759.59,Yes
1073,Female,0,34,32.67,One year,Net Banking,1110.78,No
1074,Female,0,34,98.8,Month-to-month,Net Banking,3359.2,Yes
1075,Male,0,37,72.67,One year,Credit card,2688.79,No
1076,Female,0,58,114.44,Two year,Credit card,6637.52,No
1077,Female,0,60,78.93,Month-to-month,Credit card,4735.8,No
1078,Male,0,26,72.29,One year,Debit card,1879.54,No
1079,Female,0,45,27.14,Two year,Debit card,1221.3,No
1080,Female,0,45,34.93,Two year,Net Banking,1571.85,No
1081,Female,1,32,104.95,Month-to-month,Credit card,3358.4,Yes
1082,Female,0,69,119.07,Month-to-month,UPI,8215.83,Yes
1083,Female,0,71,61.52,Two year,Credit card,4367.92,No
1084,Female,0,23,101.01,Month-to-month,UPI,2323.23,Yes
1085,Male,0,65,82.76,Month-to-month,Net Banking,5379.4,Yes
1086,Male,0,39,115.91,Month-to-month,Net Banking,4520.49,Yes
1087,Male,1,67,43.81,One year,Net Banking,2935.27,No
1088,Female,0,45,74.48,Month-to-month,Credit card,3351.6,No
1089,Female,0,67,60.88,Two year,Credit card,4078.96,No
1090,Female,1,63,74.17,Month-to-month,UPI,4672.71,No
1091,Male,1,70,46.89,One year,UPI,3282.3,No
1092,Male,0,54,69.77,Month-to-month,Debit card,3767.58,No
1093,Female,0,27,82.48,Month-to-month,Net Banking,2226.96,Yes
1094,Male,0,36,28.12,Month-to-month,UPI,1012.32,No
1095,Male,0,5,94.3,Two year,Credit card,471.5,Yes
1096,Female,0,67,90.65,Month-to-month,UPI,6073.55,Yes
1097,Male,0,51,108.05,One year,Debit card,5510.55,No
1098,Male,0,32,62.59,One year,Credit card,2002.88,No
1099,Male,0,21,26.17,Month-to-month,Credit card,549.57,No
1100,Male,0,17,66.15,One year,Credit card,1124.55,No
1101,Female,1,26,33.76,Month-to-month,UPI,877.76,Yes
1102,Female,0,22,84.74,One year,Net Banking,1864.28,No
1103,Male,0,41,24.71,Month-to-month,Net Banking,1013.11,Yes
1104,Male,0,59,57.4,One year,Net Banking,3386.6,No
1105,Male,1,10,28.28,One year,Net Banking,282.8,Yes
1106,Male,1,5,20.34,Month-to-month,Net Banking,101.7,Yes
1107,Female,0,55,116.06,Month-to-month,Credit card,6383.3,Yes
1108,Female,0,26,119.61,Month-to-month,Credit card,3109.86,Yes
1109,Male,1,4,75.55,Two year,UPI,302.2,Yes
1110,Male,1,27,43.9,Month-to-month,Credit card,1185.3,No
1111,Male,0,58,111.11,Month-to-month,UPI,6444.38,Yes
1112,Male,0,3,112.3,Month-to-month,UPI,336.9,Yes
1113,Female,0,50,105.45,Two year,Debit card,5272.5,No
1114,Male,0,26,74.44,Month-to-month,Credit card,1935.44,Yes
1115,Male,1,18,27.47,Month-to-month,UPI,494.46,No
1116,Female,0,7,28.84,One year,Net Banking,201.88,Yes
1117,Male,0,45,109.66,Two year,Net Banking,4934.7,No
1118,Female,0,13,107.58,One year,Debit card,1398.54,No
1119,Female,0,6,63.44,Month-to-month,UPI,380.64,Yes
1120,Male,0,35,52.82,Month-to-month,Credit card,1848.7,Yes
1121,Female,0,53,84.41,Month-to-month,Net Banking,4473.73,Yes
1122,Male,0,68,100.7,Month-to-month,Net Banking,6847.6,Yes
1123,Male,1,42,93.17,Month-to-month,Debit card,3913.14,Yes
1124,Female,0,4,81.56,One year,Net Banking,326.24,Yes
1125,Female,0,60,43.15,Two year,UPI,2589.0,No
1126,Female,0,45,46.25,One year,Debit card,2081.25,Yes
1127,Male,0,66,92.41,Month-to-month,Net Banking,6099.06,Yes
1128,Male,0,22,100.26,One year,Credit card,2205.72,No
1129,Male,1,12,31.61,Month-to-month,UPI,379.32,No
1130,Male,0,51,38.73,Month-to-month,Net Banking,1975.23,No
1131,Male,0,17,88.05,Month-to-month,Credit card,1496.85,Yes
1132,Female,0,36,58.9,Month-to-month,UPI,2120.4,No
1133,Female,0,49,76.33,Month-to-month,Net Banking,3740.17,No
1134,Female,0,16,81.48,Month-to-month,Debit card,1303.68,Yes
1135,Male,0,44,97.62,Month-to-month,Credit card,4295.28,Yes
1136,Male,0,22,100.57,Month-to-month,Net Banking,2212.54,Yes
1137,Male,0,8,48.01,Month-to-month,Debit card,384.08,Yes
1138,Male,0,18,74.13,Two year,UPI,1334.34,No
1139,Male,0,38,32.35,Two year,UPI,1229.3,No
1140,Female,0,29,104.2,Two year,Credit card,3021.8,No
1141,Male,0,2,104.54,Two year,Credit card,209.08,Yes
1142,Female,0,59,49.95,Two year,UPI,2947.05,No
1143,Male,0,42,36.06,One year,Debit card,1514.52,No
1144,Female,0,21,27.01,Two year,UPI,567.21,No
1145,Male,0,2,77.5,One year,Net Banking,155.0,Yes
1146,Male,1,5,29.14,One year,Net Banking,145.7,Yes
1147,Female,0,17,88.06,Month-to-month,Debit card,1497.02,Yes
1148,Male,0,24,87.81,One year,Net Banking,2107.44,No
1149,Male,0,8,81.4,Two year,Net Banking,651.2,Yes
1150,Male,1,30,107.66,Month-to-month,Credit card,3229.8,Yes
1151,Female,0,50,57.83,Month-to-month,Net Banking,2891.5,Yes
1152,Female,0,22,110.23,Month-to-month,Debit card,2425.06,Yes
1153,Male,1,59,23.69,One year,UPI,1397.71,No
1154,Female,0,24,31.28,One year,Debit card,750.72,No
1155,Female,0,26,61.22,Month-to-month,Credit card,1591.72,No
1156,Female,0,61,79.4,Month-to-month,Debit card,4843.4,No
1157,Female,0,8,23.24,Two year,UPI,185.92,Yes
1158,Female,0,12,76.74,One year,UPI,920.88,No
1159,Male,0,14,50.74,Month-to-month,Debit card,710.36,No
1160,Male,1,30,108.71,One year,UPI,3261.3,Yes
1161,Male,0,55,73.33,Month-to-month,Credit card,4033.15,No
1162,Female,1,61,78.79,Month-to-month,Debit card,4806.19,No
1163,Female,0,62,114.56,Two year,Net Banking,7102.72,No
1164,Female,0,31,96.42,Two year,Debit card,2989.02,No
1165,Male,1,27,63.83,Month-to-month,Net Banking,1723.41,No
1166,Male,0,1,67.69,Month-to-month,Net Banking,67.69,Yes
1167,Male,0,41,84.79,Month-to-month,Debit card,3476.39,Yes
1168,Male,0,14,40.02,Two year,UPI,560.28,No
1169,Male,0,50,28.87,Two year,Net Banking,1443.5,No
1170,Male,1,42,51.12,Month-to-month,Net Banking,2147.04,No
1171,Male,0,71,97.84,Month-to-month,Debit card,6946.64,Yes
1172,Male,0,40,45.73,Month-to-month,Net Banking,1829.2,No
1173,Female,0,14,33.08,Two year,Debit card,463.12,No
1174,Female,0,11,41.9,Month-to-month,Net Banking,460.9,Yes
1175,Female,0,63,87.9,Month-to-month,Net Banking,5537.7,Yes
1176,Male,0,49,81.39,One year,Debit card,3988.11,No
1177,Male,0,37,88.83,Month-to-month,Debit card,3286.71,Yes
1178,Male,0,10,52.2,Month-to-month,Credit card,522.0,Yes
1179,Female,0,54,110.09,Month-to-month,UPI,5944.86,Yes
1180,Male,0,7,65.18,One year,Credit card,456.26,Yes
1181,Female,0,12,71.37,One year,Debit card,856.44,No
1182,Female,0,55,114.88,Month-to-month,Net Banking,6318.4,Yes
1183,Male,1,36,117.93,Month-to-month,UPI,4245.48,Yes
1184,Female,0,7,86.15,Month-to-month,Debit card,603.05,Yes
1185,Male,0,24,114.48,Month-to-month,Credit card,2747.52,Yes
1186,Female,0,34,74.15,Month-to-month,Net Banking,2521.1,No
1187,Male,0,65,50.73,Month-to-month,Net Banking,3297.45,Yes
1188,Male,0,29,51.51,Two year,Debit card,1493.79,No
1189,Male,0,26,75.89,One year,Net Banking,1973.14,Yes
1190,Female,0,65,80.5,One year,Credit card,5232.5,No
1191,Male,0,45,63.96,One year,Net Banking,2878.2,No
1192,Male,1,17,108.38,Two year,Credit card,1842.46,No
1193,Male,0,36,62.67,One year,Net Banking,2256.12,Yes
1194,Male,1,63,47.34,One year,UPI,2982.42,No
1195,Male,0,23,20.8,Month-to-month,Debit card,478.4,No
1196,Female,1,66,117.06,Month-to-month,Debit card,7725.96,Yes
1197,Female,0,42,102.43,Month-to-month,Net Banking,4302.06,Yes
1198,Female,0,71,81.56,Two year,Debit card,5790.76,No
1199,Male,0,71,103.05,Month-to-month,UPI,7316.55,Yes
1200,Male,1,43,101.03,Month-to-month,Credit card,4344.29,Yes
1201,Male,0,55,113.19,One year,UPI,6225.45,Yes
1202,Female,0,56,58.61,Month-to-month,UPI,3282.16,Yes
1203,Female,0,31,75.49,Two year,Credit card,2340.19,No
1204,Male,0,56,29.86,Month-to-month,Debit card,1672.16,No
1205,Female,0,48,116.53,One year,Credit card,5593.44,Yes
1206,Female,0,52,118.51,One year,Credit card,6162.52,No
1207,Male,0,1,98.91,Two year,Credit card,98.91,Yes
1208,Female,0,2,65.41,Month-to-month,Debit card,130.82,Yes
1209,Male,1,42,69.66,Two year,Credit card,2925.72,No
1210,Female,0,9,63.54,Month-to-month,UPI,571.86,Yes
1211,Female,0,31,49.33,Month-to-month,Credit card,1529.23,No
1212,Female,0,2,72.78,Month-to-month,Credit card,145.56,Yes
1213,Male,0,24,25.34,One year,Net Banking,608.16,Yes
1214,Female,0,43,119.19,Month-to-month,Net Banking,5125.17,Yes
1215,Male,0,70,62.41,Month-to-month,UPI,4368.7,Yes
1216,Female,1,43,112.74,Month-to-month,Debit card,4847.82,Yes
1217,Male,0,51,92.43,Month-to-month,Net Banking,4713.93,Yes
1218,Male,0,46,48.99,Month-to-month,UPI,2253.54,No
1219,Male,1,1,42.21,Month-to-month,Net Banking,42.21,Yes
1220,Female,0,67,119.57,Two year,Net Banking,8011.19,No
1221,Male,0,1,97.21,Month-to-month,Debit card,97.21,Yes
1222,Female,0,63,44.97,Month-to-month,Debit card,2833.11,No
1223,Male,0,62,26.74,One year,Net Banking,1657.88,Yes
1224,Male,0,61,89.69,Month-to-month,Net Banking,5471.09,Yes
1225,Male,0,40,50.3,Month-to-month,Debit card,2012.0,No
1226,Male,0,29,42.13,Month-to-month,Debit card,1221.77,No
1227,Female,0,35,93.49,Two year,UPI,3272.15,No
1228,Female,0,11,87.93,Two year,Net Banking,967.23,Yes
1229,Male,0,11,68.14,Month-to-month,Debit card,749.54,Yes
1230,Female,0,63,114.27,Month-to-month,Net Banking,7199.01,Yes
1231,Female,0,69,87.96,Month-to-month,UPI,6069.24,Yes
1232,Male,1,56,109.34,Month-to-month,Credit card,6123.04,Yes
1233,Female,0,7,39.06,Month-to-month,Net Banking,273.42,Yes
1234,Female,0,51,49.66,One year,UPI,2532.66,No
1235,Male,1,39,30.45,Month-to-month,Credit card,1187.55,No
1236,Female,0,42,50.46,One year,Net Banking,2119.32,Yes
1237,Male,1,53,117.18,Month-to-month,UPI,6210.54,Yes
1238,Female,0,21,116.29,Two year,Credit card,2442.09,No
1239,Male,1,30,96.04,Month-to-month,UPI,2881.2,Yes
1240,Female,0,1,72.1,One year,UPI,72.1,Yes
1241,Female,1,24,98.08,One year,UPI,2353.92,No
1242,Female,1,6,75.35,One year,UPI,452.1,Yes
1243,Female,0,6,20.35,Month-to-month,Credit card,122.1,Yes
1244,Female,0,69,70.15,Month-to-month,Debit card,4840.35,No
1245,Male,0,62,79.89,One year,UPI,4953.18,No
1246,Female,0,35,46.57,One year,Credit card,1629.95,No
1247,Male,0,35,40.33,Month-to-month,UPI,1411.55,No
1248,Male,0,48,47.38,Month-to-month,Net Banking,2274.24,No
1249,Female,1,43,82.36,Month-to-month,Net Banking,3541.48,Yes
1250,Male,0,35,34.61,One year,Debit card,1211.35,No
1251,Female,0,5,92.03,One year,Credit card,460.15,Yes
1252,Female,0,31,62.27,One year,Net Banking,1930.37,No
1253,Female,0,31,55.33,Month-to-month,Credit card,1715.23,No
1254,Female,0,8,100.72,Month-to-month,Net Banking,805.76,Yes
1255,Male,0,6,70.61,One year,Credit card,423.66,Yes
1256,Female,0,53,57.84,Month-to-month,UPI,3065.52,No
1257,Female,1,44,107.82,Month-to-month,UPI,4744.08,Yes
1258,Female,0,49,56.83,Month-to-month,Net Banking,2784.67,No
1259,Male,0,8,105.9,Month-to-month,Debit card,847.2,Yes
1260,Male,0,64,70.42,One year,Net Banking,4506.88,No
1261,Male,0,4,40.8,Month-to-month,Net Banking,163.2,Yes
1262,Male,0,32,81.28,Month-to-month,Debit card,2600.96,Yes
1263,Female,0,53,48.53,Month-to-month,UPI,2572.09,Yes
1264,Male,0,67,34.72,One year,UPI,2326.24,No
1265,Male,0,63,28.65,Month-to-month,Net Banking,1804.95,No
1266,Male,0,60,44.17,One year,Credit card,2650.2,No
1267,Male,0,33,93.66,Month-to-month,Net Banking,3090.78,Yes
1268,Female,0,22,103.8,Month-to-month,UPI,2283.6,Yes
1269,Female,0,31,106.17,Month-to-month,Credit card,3291.27,Yes
1270,Male,0,24,47.01,Two year,Debit card,1128.24,No
1271,Male,0,3,86.1,Month-to-month,UPI,258.3,Yes
1272,Female,0,33,43.04,One year,Debit card,1420.32,No
1273,Female,0,26,82.28,Two year,UPI,2139.28,No
1274,Female,0,51,108.72,Month-to-month,UPI,5544.72,Yes
1275,Female,0,30,24.09,One year,Credit card,722.7,No
1276,Male,0,35,118.52,Month-to-month,UPI,4148.2,Yes
1277,Male,0,25,102.71,Month-to-month,Net Banking,2567.75,Yes
1278,Female,0,28,96.17,Month-to-month,Debit card,2692.76,Yes
1279,Male,0,26,89.14,One year,UPI,2317.64,No
1280,Male,0,8,97.03,Month-to-month,Net Banking,776.24,Yes
1281,Male,0,15,119.46,Month-to-month,Debit card,1791.9,Yes
1282,Female,0,49,97.02,Month-to-month,Net Banking,4753.98,Yes
1283,Female,1,8,55.16,Month-to-month,UPI,441.28,Yes
1284,Female,0,55,81.39,Two year,Net Banking,4476.45,No
1285,Female,0,58,53.69,Month-to-month,Debit card,3114.02,No
1286,Male,1,3,117.01,Two year,Debit card,351.03,Yes
1287,Female,0,9,110.01,One year,Debit card,990.09,Yes
1288,Female,0,14,76.76,One year,UPI,1074.64,No
1289,Male,0,20,98.13,Month-to-month,Credit card,1962.6,Yes
1290,Female,0,4,110.97,Month-to-month,Net Banking,443.88,Yes
1291,Male,1,24,44.36,Month-to-month,Debit card,1064.64,No
1292,Female,1,28,77.95,Month-to-month,Debit card,2182.6,No
1293,Male,0,31,68.17,Month-to-month,Credit card,2113.27,No
1294,Male,0,67,97.16,Month-to-month,Debit card,6509.72,Yes
1295,Male,0,64,57.91,Two year,Debit card,3706.24,No
1296,Male,0,17,90.9,Month-to-month,UPI,1545.3,Yes
1297,Female,0,6,60.3,Month-to-month,Credit card,361.8,Yes
1298,Male,0,60,31.11,One year,Debit card,1866.6,Yes
1299,Male,0,11,30.71,Month-to-month,UPI,337.81,Yes
1300,Female,1,38,31.91,Month-to-month,UPI,1212.58,No
1301,Male,0,34,23.25,Month-to-month,UPI,790.5,No
1302,Male,0,47,73.3,Month-to-month,UPI,3445.1,Yes
1303,Female,0,32,87.19,Month-to-month,Credit card,2790.08,Yes
1304,Female,1,57,32.67,Month-to-month,Credit card,1862.19,No
1305,Female,1,46,81.19,Month-to-month,UPI,3734.74,Yes
1306,Male,0,35,79.77,Month-to-month,Credit card,2791.95,Yes
1307,Male,0,22,34.71,Month-to-month,Net Banking,763.62,No
1308,Female,1,16,60.41,One year,Net Banking,966.56,No
1309,Female,1,5,95.51,Month-to-month,UPI,477.55,Yes
1310,Female,0,26,21.68,Month-to-month,Debit card,563.68,No
1311,Male,0,24,34.69,Two year,Debit card,832.56,No
1312,Male,0,67,119.58,One year,Net Banking,8011.86,Yes
1313,Female,0,32,93.35,Month-to-month,UPI,2987.2,Yes
1314,Male,1,23,66.41,Two year,Net Banking,1527.43,No
1315,Male,0,49,82.98,One year,Net Banking,4066.02,No
1316,Male,0,62,104.62,Month-to-month,Debit card,6486.44,Yes
1317,Female,0,66,104.23,Two year,Net Banking,6879.18,No
1318,Female,0,11,52.47,Month-to-month,UPI,577.17,Yes
1319,Male,0,18,69.13,Two year,Debit card,1244.34,No
1320,Female,0,10,83.81,Month-to-month,Debit card,838.1,Yes
1321,Male,0,60,27.19,Month-to-month,Net Banking,1631.4,Yes
1322,Male,0,8,114.58,One year,Credit card,916.64,Yes
1323,Female,0,71,63.27,Month-to-month,Net Banking,4492.17,No
1324,Female,1,48,57.09,Month-to-month,UPI,2740.32,No
1325,Female,0,41,110.71,One year,Credit card,4539.11,Yes
1326,Male,0,8,31.83,Month-to-month,UPI,254.64,Yes
1327,Female,0,37,23.93,Two year,Debit card,885.41,No
1328,Male,0,37,88.5,Month-to-month,UPI,3274.5,Yes
1329,Male,0,64,58.5,Two year,UPI,3744.0,No
1330,Male,0,59,96.45,Month-to-month,UPI,5690.55,Yes
1331,Male,1,45,26.85,Month-to-month,Net Banking,1208.25,Yes
1332,Male,0,16,58.38,Month-to-month,Net Banking,934.08,Yes
1333,Female,0,26,43.53,One year,UPI,1131.78,No
1334,Male,0,31,93.96,Month-to-month,Net Banking,2912.76,Yes
1335,Male,0,27,42.72,Month-to-month,Debit card,1153.44,No
1336,Female,0,43,65.79,Month-to-month,Debit card,2828.97,No
1337,Male,1,15,101.89,Month-to-month,Credit card,1528.35,Yes
1338,Female,0,58,111.54,Month-to-month,Net Banking,6469.32,Yes
1339,Male,0,49,92.26,One year,Net Banking,4520.74,No
1340,Female,0,25,62.92,Month-to-month,UPI,1573.0,Yes
1341,Female,0,68,77.2,Month-to-month,Credit card,5249.6,No
1342,Female,1,36,88.97,Two year,Debit card,3202.92,No
1343,Female,0,47,107.49,One year,Debit card,5052.03,Yes
1344,Female,0,59,108.86,Two year,UPI,6422.74,No
1345,Male,1,52,113.1,Two year,Net Banking,5881.2,No
1346,Female,0,40,101.07,Month-to-month,UPI,4042.8,Yes
1347,Female,0,43,34.68,Two year,Credit card,1491.24,No
1348,Female,1,56,94.76,Month-to-month,Debit card,5306.56,Yes
1349,Male,0,3,101.46,Two year,Credit card,304.38,Yes
1350,Female,0,71,107.79,Month-to-month,Debit card,7653.09,Yes
1351,Male,0,12,112.48,Month-to-month,Debit card,1349.76,Yes
1352,Male,0,65,70.92,One year,Credit card,4609.8,No
1353,Female,0,43,85.51,Two year,Debit card,3676.93,No
1354,Male,0,70,20.96,One year,Debit card,1467.2,No
1355,Male,0,46,77.28,Month-to-month,Credit card,3554.88,No
1356,Male,0,60,67.32,Month-to-month,Debit card,4039.2,No
1357,Male,0,61,116.23,One year,Credit card,7090.03,No
1358,Male,0,49,110.17,Month-to-month,UPI,5398.33,Yes
1359,Female,0,25,99.76,One year,Net Banking,2494.0,Yes
1360,Male,0,3,25.7,Month-to-month,Net Banking,77.1,Yes
1361,Male,0,68,60.2,Month-to-month,Net Banking,4093.6,No
1362,Male,0,63,89.6,One year,Debit card,5644.8,No
1363,Male,0,30,22.97,One year,Credit card,689.1,No
1364,Male,1,4,43.58,Two year,Net Banking,174.32,Yes
1365,Female,1,71,108.75,Month-to-month,Debit card,7721.25,Yes
1366,Male,0,21,32.98,Two year,Debit card,692.58,No
1367,Male,0,71,25.14,Two year,Credit card,1784.94,No
1368,Male,0,1,78.06,One year,UPI,78.06,Yes
1369,Female,0,60,114.65,Two year,Credit card,6879.0,No
1370,Female,1,34,103.46,One year,Debit card,3517.64,Yes
1371,Female,0,3,117.48,Month-to-month,UPI,352.44,Yes
1372,Male,0,18,95.35,Month-to-month,UPI,1716.3,Yes
1373,Male,0,43,63.74,One year,Net Banking,2740.82,No
1374,Male,0,41,114.66,Two year,Debit card,4701.06,No
1375,Male,0,24,62.66,Month-to-month,Credit card,1503.84,No
1376,Male,0,24,55.01,One year,Credit card,1320.24,Yes
1377,Male,0,3,64.82,One year,Net Banking,194.46,Yes
1378,Male,0,59,101.4,Month-to-month,Debit card,5982.6,Yes
1379,Male,0,58,111.77,Month-to-month,Credit card,6482.66,Yes
1380,Male,0,24,55.77,One year,Credit card,1338.48,No
1381,Male,0,66,66.22,Month-to-month,Credit card,4370.52,No
1382,Male,0,40,109.83,Month-to-month,UPI,4393.2,Yes
1383,Female,0,71,24.7,One year,UPI,1753.7,No
1384,Female,0,9,98.39,One year,Net Banking,885.51,Yes
1385,Female,0,60,65.42,Month-to-month,Net Banking,3925.2,No
1386,Female,1,39,57.65,Two year,Credit card,2248.35,No
1387,Male,0,33,64.69,Month-to-month,Debit card,2134.77,Yes
1388,Female,0,34,61.87,Month-to-month,Debit card,2103.58,No
1389,Female,0,62,95.66,One year,Net Banking,5930.92,Yes
1390,Female,0,61,112.79,One year,Debit card,6880.19,Yes
1391,Female,0,27,69.15,Month-to-month,Debit card,1867.05,No
1392,Female,0,17,103.27,Month-to-month,Credit card,1755.59,Yes
1393,Male,0,60,93.19,One year,Credit card,5591.4,No
1394,Female,1,42,53.07,One year,Debit card,2228.94,No
1395,Female,0,47,78.73,Month-to-month,Credit card,3700.31,Yes
1396,Male,1,53,86.68,Month-to-month,Debit card,4594.04,Yes
1397,Female,1,21,22.35,Month-to-month,Debit card,469.35,Yes
1398,Male,1,8,59.6,Month-to-month,UPI,476.8,Yes
1399,Male,1,58,119.26,Month-to-month,Debit card,6917.08,Yes
1400,Male,0,68,83.73,Month-to-month,UPI,5693.64,Yes
1401,Male,0,63,53.42,Month-to-month,Net Banking,3365.46,No
1402,Female,0,59,45.0,Month-to-month,Debit card,2655.0,Yes
1403,Female,0,30,40.95,Month-to-month,Net Banking,1228.5,Yes
1404,Male,1,25,60.16,Month-to-month,Credit card,1504.0,No
1405,Female,0,56,39.33,One year,UPI,2202.48,No
1406,Male,0,34,33.52,Month-to-month,Net Banking,1139.68,No
1407,Female,0,50,56.41,One year,Credit card,2820.5,No
1408,Female,0,2,80.7,One year,Debit card,161.4,Yes
1409,Male,1,53,34.64,Month-to-month,UPI,1835.92,No
1410,Female,0,41,24.43,Month-to-month,Debit card,1001.63,No
1411,Male,0,23,23.46,One year,Net Banking,539.58,Yes
1412,Male,0,61,46.74,Month-to-month,Debit card,2851.14,No
1413,Female,1,31,39.01,Month-to-month,Credit card,1209.31,Yes
1414,Female,0,66,73.93,One year,Net Banking,4879.38,No
1415,Male,1,2,65.57,Month-to-month,UPI,131.14,Yes
1416,Male,0,69,52.48,One year,Credit card,3621.12,No
1417,Female,0,60,103.35,Two year,Credit card,6201.0,No
1418,Female,0,23,70.49,Month-to-month,UPI,1621.27,No
1419,Female,0,57,29.15,Month-to-month,Credit card,1661.55,No
1420,Female,0,35,49.58,Month-to-month,Net Banking,1735.3,Yes
1421,Male,0,1,117.33,Two year,Debit card,117.33,Yes
1422,Female,0,48,117.7,Month-to-month,UPI,5649.6,Yes
1423,Female,0,49,45.47,Month-to-month,UPI,2228.03,No
1424,Male,1,40,36.72,Month-to-month,Net Banking,1468.8,No
1425,Female,0,62,69.57,Month-to-month,Net Banking,4313.34,No
1426,Male,0,15,68.15,Month-to-month,UPI,1022.25,No
1427,Male,0,30,61.01,Month-to-month,UPI,1830.3,Yes
1428,Female,1,21,72.94,Month-to-month,UPI,1531.74,No
1429,Female,1,8,43.22,Two year,UPI,345.76,Yes
1430,Male,1,7,31.49,One year,Net Banking,220.43,Yes
1431,Male,0,34,77.05,One year,Debit card,2619.7,No
1432,Female,1,64,113.26,Month-to-month,UPI,7248.64,Yes
1433,Male,0,42,33.77,Month-to-month,Credit card,1418.34,No
1434,Male,1,53,90.48,One year,Credit card,4795.44,No
1435,Male,0,70,63.79,Month-to-month,Credit card,4465.3,No
1436,Male,1,10,49.4,Month-to-month,Net Banking,494.0,Yes
1437,Male,0,58,105.31,Month-to-month,UPI,6107.98,Yes
1438,Male,0,4,65.65,Month-to-month,Net Banking,262.6,Yes
1439,Male,0,8,78.33,Month-to-month,Credit card,626.64,Yes
1440,Female,0,12,64.31,Month-to-month,Debit card,771.72,No
1441,Male,0,25,28.12,Month-to-month,Credit card,703.0,No
1442,Female,0,27,79.49,Two year,UPI,2146.23,No
1443,Male,0,2,61.88,Month-to-month,Debit card,123.76,Yes
1444,Female,0,55,28.68,Two year,Debit card,1577.4,No
1445,Male,0,58,79.58,Two year,Debit card,4615.64,No
1446,Female,0,33,20.99,One year,Credit card,692.67,No
1447,Female,1,49,40.85,Two year,Net Banking,2001.65,No
1448,Female,0,5,98.11,Month-to-month,Credit card,490.55,Yes
1449,Female,0,47,23.79,One year,UPI,1118.13,No
1450,Male,0,24,84.67,One year,Debit card,2032.08,Yes
1451,Male,0,44,114.97,Month-to-month,Net Banking,5058.68,Yes
1452,Male,0,68,37.12,Month-to-month,Net Banking,2524.16,No
1453,Male,0,14,61.71,Month-to-month,UPI,863.94,Yes
1454,Female,0,36,77.55,Month-to-month,UPI,2791.8,Yes
1455,Male,0,51,65.04,Two year,UPI,3317.04,No
1456,Male,0,6,82.04,Month-to-month,Debit card,492.24,Yes
1457,Male,1,17,60.41,Month-to-month,Debit card,1026.97,No
1458,Male,0,51,34.85,Two year,UPI,1777.35,No
1459,Female,0,52,28.9,Month-to-month,Debit card,1502.8,No
1460,Male,1,12,94.44,Two year,Credit card,1133.28,No
1461,Male,0,1,43.86,Two year,Net Banking,43.86,Yes
1462,Female,0,11,104.75,Two year,Debit card,1152.25,Yes
1463,Female,0,16,94.3,One year,Net Banking,1508.8,No
1464,Male,0,9,24.95,One year,Credit card,224.55,Yes
1465,Female,0,8,40.12,One year,Debit card,320.96,Yes
1466,Male,1,25,49.2,Month-to-month,UPI,1230.0,No
1467,Male,0,40,79.45,Month-to-month,UPI,3178.0,No
1468,Male,0,67,100.98,Month-to-month,Credit card,6765.66,Yes
1469,Male,1,23,26.03,One year,Credit card,598.69,Yes
1470,Female,1,62,44.96,One year,Debit card,2787.52,Yes
1471,Female,0,23,57.62,Month-to-month,Credit card,1325.26,Yes
1472,Female,1,44,38.34,One year,Net Banking,1686.96,No
1473,Female,0,56,74.53,One year,UPI,4173.68,Yes
1474,Male,0,68,67.8,One year,Debit card,4610.4,No
1475,Female,0,23,51.65,Month-to-month,Credit card,1187.95,Yes
1476,Female,0,9,71.69,Month-to-month,Net Banking,645.21,Yes
1477,Male,0,4,55.58,Month-to-month,UPI,222.32,Yes
1478,Male,0,34,54.32,Month-to-month,UPI,1846.88,Yes
1479,Female,0,34,46.54,Month-to-month,Debit card,1582.36,No
1480,Male,0,42,74.04,One year,Debit card,3109.68,No
1481,Male,0,3,64.41,Month-to-month,Debit card,193.23,Yes
1482,Male,1,34,39.63,Month-to-month,Debit card,1347.42,No
1483,Female,0,43,21.3,One year,Credit card,915.9,No
1484,Female,0,67,35.09,Month-to-month,Debit card,2351.03,No
1485,Female,1,37,24.28,One year,Credit card,898.36,Yes
1486,Male,0,12,63.16,Two year,Net Banking,757.92,No
1487,Female,0,16,42.51,One year,Net Banking,680.16,No
1488,Male,0,62,62.05,One year,UPI,3847.1,No
1489,Female,0,17,52.94,One year,Net Banking,899.98,Yes
1490,Male,0,15,73.8,Month-to-month,Net Banking,1107.0,No
1491,Male,1,26,92.39,Month-to-month,Debit card,2402.14,Yes
1492,Female,0,45,67.93,Month-to-month,Debit card,3056.85,No
1493,Female,0,2,26.2,Month-to-month,Debit card,52.4,Yes
1494,Female,0,17,21.75,Month-to-month,Net Banking,369.75,No
1495,Female,0,65,41.32,Month-to-month,Debit card,2685.8,Yes
1496,Male,0,30,62.5,One year,Debit card,1875.0,No
1497,Female,0,68,24.49,Two year,Debit card,1665.32,No
1498,Male,0,44,52.77,Month-to-month,Debit card,2321.88,No
1499,Male,1,60,108.7,Month-to-month,Credit card,6522.0,Yes
1500,Female,0,1,29.0,One year,Debit card,29.0,Yes
1501,Male,1,19,114.85,One year,Net Banking,2182.15,Yes
1502,Female,0,33,105.67,Month-to-month,Debit card,3487.11,Yes
1503,Female,0,36,103.18,Month-to-month,Debit card,3714.48,Yes
1504,Female,0,24,106.37,Month-to-month,Credit card,2552.88,Yes
1505,Male,0,25,28.01,Month-to-month,Debit card,700.25,No
1506,Female,1,11,35.12,One year,Debit card,386.32,Yes
1507,Female,0,9,33.44,Month-to-month,UPI,300.96,Yes
1508,Male,1,6,31.12,Month-to-month,Debit card,186.72,Yes
1509,Female,0,58,52.77,Month-to-month,Net Banking,3060.66,No
1510,Female,1,29,103.02,Two year,UPI,2987.58,No
1511,Male,1,11,45.2,Month-to-month,UPI,497.2,Yes
1512,Female,0,23,44.42,Month-to-month,Net Banking,1021.66,No
1513,Male,0,26,87.59,One year,Net Banking,2277.34,No
1514,Male,1,1,29.69,One year,Debit card,29.69,Yes
1515,Male,0,47,56.03,One year,Debit card,2633.41,No
1516,Male,1,41,49.54,Month-to-month,Debit card,2031.14,No
1517,Male,0,23,104.73,Two year,UPI,2408.79,No
1518,Male,0,5,71.45,Month-to-month,Net Banking,357.25,Yes
1519,Male,0,50,84.65,Month-to-month,Credit card,4232.5,Yes
1520,Male,0,9,32.9,Month-to-month,Credit card,296.1,Yes
1521,Male,0,4,112.89,Month-to-month,Debit card,451.56,Yes
1522,Female,1,71,52.25,Month-to-month,Net Banking,3709.75,No
1523,Female,0,65,90.68,One year,Debit card,5894.2,No
1524,Female,0,57,115.46,Month-to-month,UPI,6581.22,Yes
1525,Male,1,25,70.86,Two year,UPI,1771.5,No
1526,Male,0,58,70.75,One year,Credit card,4103.5,No
1527,Male,1,6,31.72,One year,Net Banking,190.32,Yes
1528,Female,0,14,59.03,One year,Net Banking,826.42,Yes
1529,Female,0,63,105.25,One year,UPI,6630.75,No
1530,Female,0,65,33.51,One year,Net Banking,2178.15,No
1531,Male,0,52,111.75,One year,Credit card,5811.0,No
1532,Male,0,65,86.73,Month-to-month,Debit card,5637.45,Yes
1533,Female,0,8,62.1,Month-to-month,Net Banking,496.8,Yes
1534,Female,1,8,74.65,Month-to-month,Net Banking,597.2,Yes
1535,Male,0,14,35.05,One year,Credit card,490.7,Yes
1536,Female,1,24,41.75,Month-to-month,Credit card,1002.0,No
1537,Female,0,64,48.64,Month-to-month,Debit card,3112.96,No
1538,Male,1,25,58.48,Month-to-month,Credit card,1462.0,Yes
1539,Female,0,6,111.55,One year,UPI,669.3,Yes
1540,Male,0,1,56.76,Two year,UPI,56.76,Yes
1541,Male,0,33,72.38,One year,Debit card,2388.54,No
1542,Male,1,14,36.2,One year,Debit card,506.8,No
1543,Female,0,63,93.6,Month-to-month,Net Banking,5896.8,Yes
1544,Male,0,56,76.03,Month-to-month,UPI,4257.68,No
1545,Male,0,62,63.99,Month-to-month,UPI,3967.38,Yes
1546,Male,0,28,114.72,Month-to-month,UPI,3212.16,Yes
1547,Female,1,29,109.07,Month-to-month,UPI,3163.03,Yes
1548,Female,0,23,85.95,Two year,Credit card,1976.85,No
1549,Female,0,44,112.18,Month-to-month,UPI,4935.92,Yes
1550,Male,0,38,76.48,Month-to-month,Debit card,2906.24,No
1551,Female,1,49,102.69,Two year,Net Banking,5031.81,No
1552,Female,1,43,60.95,Month-to-month,Net Banking,2620.85,No
1553,Female,0,10,28.67,Month-to-month,Debit card,286.7,Yes
1554,Female,0,27,119.41,Month-to-month,UPI,3224.07,Yes
1555,Male,0,8,36.56,Month-to-month,Credit card,292.48,Yes
1556,Male,0,68,45.15,One year,UPI,3070.2,Yes
1557,Male,0,30,36.31,Month-to-month,UPI,1089.3,No
1558,Male,0,13,53.75,One year,Debit card,698.75,Yes
1559,Male,0,58,48.93,Two year,Net Banking,2837.94,No
1560,Male,0,3,80.11,Month-to-month,Net Banking,240.33,Yes
1561,Female,0,5,119.65,Month-to-month,Net Banking,598.25,Yes
1562,Female,0,22,25.25,One year,Debit card,555.5,No
1563,Female,0,58,97.84,Month-to-month,Credit card,5674.72,Yes
1564,Female,0,66,32.8,Month-to-month,Credit card,2164.8,Yes
1565,Male,0,40,21.98,One year,Net Banking,879.2,No
1566,Male,0,5,83.86,Month-to-month,Net Banking,419.3,Yes
1567,Female,1,16,107.33,Two year,Credit card,1717.28,No
1568,Female,0,15,37.63,Month-to-month,Debit card,564.45,No
1569,Male,1,18,54.16,Month-to-month,Credit card,974.88,Yes
1570,Female,0,47,36.88,Two year,UPI,1733.36,No
1571,Female,0,4,110.65,Month-to-month,UPI,442.6,Yes
1572,Female,0,53,47.04,Month-to-month,Debit card,2493.12,No
1573,Male,0,58,64.47,Two year,Net Banking,3739.26,No
1574,Male,0,58,109.47,Month-to-month,UPI,6349.26,Yes
1575,Male,0,59,75.29,Month-to-month,Credit card,4442.11,Yes
1576,Female,1,34,113.28,Month-to-month,UPI,3851.52,Yes
1577,Male,0,30,112.65,Month-to-month,Credit card,3379.5,Yes
1578,Female,0,54,66.16,One year,Credit card,3572.64,No
1579,Female,0,68,78.24,Month-to-month,Credit card,5320.32,Yes
1580,Male,0,68,43.03,One year,UPI,2926.04,No
1581,Male,0,26,119.05,Month-to-month,Debit card,3095.3,Yes
1582,Male,0,3,47.83,Two year,Credit card,143.49,Yes
1583,Male,0,57,98.33,Month-to-month,UPI,5604.81,Yes
1584,Male,0,37,51.3,One year,Net Banking,1898.1,No
1585,Male,0,38,51.3,Two year,Debit card,1949.4,No
1586,Male,0,41,30.39,Month-to-month,UPI,1245.99,Yes
1587,Female,0,4,75.99,Month-to-month,Debit card,303.96,Yes
1588,Male,0,26,44.48,Month-to-month,UPI,1156.48,No
1589,Female,0,39,34.84,Two year,Credit card,1358.76,No
1590,Male,0,42,42.67,One year,Net Banking,1792.14,No
1591,Female,1,11,45.11,Two year,UPI,496.21,Yes
1592,Female,1,11,70.41,One year,Debit card,774.51,Yes
1593,Male,0,54,58.59,Month-to-month,Net Banking,3163.86,No
1594,Male,0,38,27.55,Month-to-month,Net Banking,1046.9,Yes
1595,Male,0,20,73.6,Two year,Net Banking,1472.0,No
1596,Female,0,26,98.77,Month-to-month,Credit card,2568.02,Yes
1597,Male,0,14,77.42,Month-to-month,Credit card,1083.88,Yes
1598,Male,1,50,117.45,Month-to-month,UPI,5872.5,Yes
1599,Female,0,25,29.92,Month-to-month,Credit card,748.0,No
1600,Female,0,55,102.12,Month-to-month,Net Banking,5616.6,Yes
1601,Female,0,51,70.57,One year,Debit card,3599.07,No
1602,Female,1,10,72.16,Month-to-month,Net Banking,721.6,Yes
1603,Female,0,14,71.91,Month-to-month,Net Banking,1006.74,No
1604,Female,1,5,52.53,Month-to-month,Credit card,262.65,Yes
1605,Female,0,57,52.46,One year,Debit card,2990.22,No
1606,Female,0,22,83.18,Month-to-month,Net Banking,1829.96,Yes
1607,Male,1,29,24.48,Month-to-month,Debit card,709.92,No
1608,Male,1,7,78.88,Two year,Debit card,552.16,Yes
1609,Female,0,18,92.46,Month-to-month,Net Banking,1664.28,Yes
1610,Female,1,31,55.63,Month-to-month,Credit card,1724.53,Yes
1611,Female,0,43,41.74,Month-to-month,Credit card,1794.82,No
1612,Female,0,35,41.34,Month-to-month,UPI,1446.9,No
1613,Female,0,71,28.18,Month-to-month,Net Banking,2000.78,No
1614,Male,0,4,28.97,Two year,Net Banking,115.88,Yes
1615,Female,0,51,36.67,Month-to-month,Debit card,1870.17,Yes
1616,Female,0,30,21.92,One year,Debit card,657.6,No
1617,Male,0,53,46.62,Two year,UPI,2470.86,No
1618,Female,0,14,50.64,Month-to-month,UPI,708.96,No
1619,Female,0,36,119.52,Month-to-month,Debit card,4302.72,Yes
1620,Male,0,12,119.17,One year,Debit card,1430.04,Yes
1621,Female,0,34,38.7,Month-to-month,UPI,1315.8,No
1622,Female,0,26,41.3,One year,Credit card,1073.8,No
1623,Female,0,6,69.19,One year,UPI,415.14,Yes
1624,Male,0,53,34.88,Month-to-month,Debit card,1848.64,No
1625,Female,0,15,70.4,Month-to-month,Net Banking,1056.0,No
1626,Female,0,19,59.94,Month-to-month,Debit card,1138.86,Yes
1627,Male,1,47,52.46,Month-to-month,Credit card,2465.62,No
1628,Male,0,61,102.26,Month-to-month,Debit card,6237.86,Yes
1629,Female,0,52,102.81,One year,Debit card,5346.12,No
1630,Female,0,18,118.79,Month-to-month,UPI,2138.22,Yes
1631,Female,0,60,42.31,One year,Credit card,2538.6,No
1632,Female,0,47,108.83,Month-to-month,UPI,5115.01,Yes
1633,Female,1,57,73.78,One year,Net Banking,4205.46,Yes
1634,Female,0,33,79.15,Two year,Net Banking,2611.95,No
1635,Female,0,32,109.63,One year,Credit card,3508.16,No
1636,Male,0,4,114.26,Month-to-month,Net Banking,457.04,Yes
1637,Male,0,41,92.68,Month-to-month,Net Banking,3799.88,Yes
1638,Female,1,19,54.78,Month-to-month,Debit card,1040.82,Yes
1639,Male,0,7,68.97,Month-to-month,UPI,482.79,Yes
1640,Female,0,26,81.51,Two year,UPI,2119.26,No
1641,Female,0,51,102.86,Month-to-month,UPI,5245.86,Yes
1642,Female,0,56,85.79,One year,Credit card,4804.24,No
1643,Female,0,71,56.54,One year,Debit card,4014.34,No
1644,Male,0,51,61.79,Month-to-month,Debit card,3151.29,No
1645,Female,0,8,25.04,Month-to-month,Credit card,200.32,Yes
1646,Female,0,13,112.43,Month-to-month,UPI,1461.59,Yes
1647,Female,0,32,28.81,Month-to-month,Debit card,921.92,Yes
1648,Female,1,34,77.99,One year,Debit card,2651.66,Yes
1649,Male,0,18,107.17,One year,UPI,1929.06,No
1650,Female,0,55,62.09,Month-to-month,Net Banking,3414.95,No
1651,Male,0,43,100.01,Month-to-month,Credit card,4300.43,Yes
1652,Male,0,24,100.38,Month-to-month,Debit card,2409.12,Yes
1653,Female,0,21,25.98,Month-to-month,UPI,545.58,No
1654,Female,0,18,61.21,Month-to-month,Net Banking,1101.78,Yes
1655,Female,0,14,89.1,One year,UPI,1247.4,No
1656,Male,0,53,62.24,Month-to-month,UPI,3298.72,No
1657,Male,0,19,74.52,Month-to-month,Net Banking,1415.88,No
1658,Female,0,57,79.45,Month-to-month,Credit card,4528.65,No
1659,Female,0,64,35.12,One year,Debit card,2247.68,Yes
1660,Male,0,2,61.2,Month-to-month,Credit card,122.4,Yes
1661,Female,1,57,22.85,Month-to-month,Credit card,1302.45,No
1662,Male,0,34,34.96,Month-to-month,UPI,1188.64,Yes
1663,Male,0,49,71.23,Month-to-month,UPI,3490.27,Yes
1664,Male,0,54,77.36,Month-to-month,UPI,4177.44,No
1665,Male,0,22,34.62,Two year,Credit card,761.64,No
1666,Female,0,44,95.56,Month-to-month,Debit card,4204.64,Yes
1667,Female,0,35,57.3,One year,UPI,2005.5,Yes
1668,Male,0,29,112.06,One year,Net Banking,3249.74,No
1669,Female,0,6,58.77,One year,Debit card,352.62,Yes
1670,Male,1,37,34.98,Month-to-month,Debit card,1294.26,No
1671,Female,0,58,95.8,One year,Debit card,5556.4,No
1672,Male,0,64,76.78,One year,Net Banking,4913.92,No
1673,Female,0,31,58.67,Month-to-month,Net Banking,1818.77,No
1674,Female,0,50,55.6,One year,UPI,2780.0,No
1675,Male,0,60,35.08,Month-to-month,Debit card,2104.8,No
1676,Female,0,14,54.08,Month-to-month,Credit card,757.12,No
1677,Male,0,70,22.93,Month-to-month,Credit card,1605.1,Yes
1678,Female,0,11,70.24,Two year,Credit card,772.64,Yes
1679,Male,1,27,109.67,One year,UPI,2961.09,No
1680,Female,1,69,99.53,One year,Credit card,6867.57,No
1681,Female,0,38,22.85,Month-to-month,Debit card,868.3,Yes
1682,Male,1,62,108.13,Month-to-month,UPI,6704.06,Yes
1683,Male,1,53,65.23,Month-to-month,UPI,3457.19,Yes
1684,Female,1,18,39.09,One year,Net Banking,703.62,No
1685,Female,0,52,95.24,Month-to-month,Debit card,4952.48,Yes
1686,Male,0,24,52.29,Month-to-month,Credit card,1254.96,No
1687,Male,0,7,45.33,Two year,Debit card,317.31,Yes
1688,Male,0,14,36.13,Two year,Debit card,505.82,No
1689,Male,0,50,68.66,Two year,UPI,3433.0,No
1690,Female,0,24,29.34,Month-to-month,Credit card,704.16,No
1691,Female,0,13,98.56,Two year,Credit card,1281.28,No
1692,Female,1,19,67.07,One year,Credit card,1274.33,No
1693,Female,0,29,64.7,Two year,Net Banking,1876.3,No
1694,Female,0,22,20.19,Two year,Debit card,444.18,No
1695,Female,0,2,101.79,Two year,UPI,203.58,Yes
1696,Male,1,36,69.28,Month-to-month,UPI,2494.08,No
1697,Female,1,38,63.99,Month-to-month,UPI,2431.62,No
1698,Male,0,18,96.14,One year,Credit card,1730.52,No
1699,Male,0,51,26.29,Month-to-month,Credit card,1340.79,No
1700,Male,0,15,56.67,Month-to-month,UPI,850.05,Yes
1701,Male,0,52,77.57,One year,Debit card,4033.64,No
1702,Female,0,17,66.06,Month-to-month,UPI,1123.02,No
1703,Male,0,22,38.16,Month-to-month,Debit card,839.52,Yes
1704,Male,0,54,49.93,Month-to-month,UPI,2696.22,No
1705,Female,0,52,50.02,Month-to-month,Debit card,2601.04,No
1706,Male,1,46,119.2,One year,UPI,5483.2,No
1707,Male,0,4,52.62,Two year,Net Banking,210.48,Yes
1708,Female,0,7,40.52,One year,Net Banking,283.64,Yes
1709,Male,0,10,102.26,One year,Credit card,1022.6,Yes
1710,Female,0,15,62.12,Month-to-month,Credit card,931.8,Yes
1711,Female,0,26,64.39,Month-to-month,Credit card,1674.14,No
1712,Female,0,40,74.89,One year,Credit card,2995.6,Yes
1713,Female,0,61,79.57,One year,UPI,4853.77,No
1714,Female,0,16,79.06,Month-to-month,Net Banking,1264.96,No
1715,Male,1,18,23.45,One year,Credit card,422.1,No
1716,Female,1,2,101.88,Two year,Debit card,203.76,Yes
1717,Female,0,54,39.49,Month-to-month,Debit card,2132.46,Yes
1718,Female,0,18,49.23,Month-to-month,Credit card,886.14,No
1719,Female,1,54,37.34,Month-to-month,Credit card,2016.36,No
1720,Female,0,38,96.71,Month-to-month,Credit card,3674.98,Yes
1721,Male,0,15,78.37,Two year,UPI,1175.55,No
1722,Male,0,64,95.53,Two year,Debit card,6113.92,No
1723,Female,0,8,85.34,One year,Debit card,682.72,Yes
1724,Male,0,46,30.42,One year,Debit card,1399.32,No
1725,Female,0,39,50.15,One year,Net Banking,1955.85,No
1726,Female,0,52,70.73,Month-to-month,UPI,3677.96,No
1727,Female,0,8,50.49,One year,Net Banking,403.92,Yes
1728,Male,0,50,40.73,One year,UPI,2036.5,No
1729,Female,1,50,106.98,One year,Debit card,5349.0,Yes
1730,Female,0,68,94.78,Month-to-month,Debit card,6445.04,Yes
1731,Male,0,27,54.52,Month-to-month,Net Banking,1472.04,No
1732,Female,0,38,96.5,Month-to-month,Debit card,3667.0,Yes
1733,Male,0,21,82.75,One year,Credit card,1737.75,No
1734,Male,0,45,20.38,Month-to-month,UPI,917.1,Yes
1735,Female,0,58,58.03,Month-to-month,Debit card,3365.74,No
1736,Male,1,23,49.05,One year,Credit card,1128.15,No
1737,Female,0,54,41.79,Month-to-month,Net Banking,2256.66,Yes
1738,Male,0,30,45.16,Month-to-month,Debit card,1354.8,No
1739,Male,0,16,114.24,Two year,Debit card,1827.84,No
1740,Male,0,52,68.63,Month-to-month,UPI,3568.76,No
1741,Female,0,41,104.77,Month-to-month,Debit card,4295.57,Yes
1742,Male,0,71,41.42,Month-to-month,UPI,2940.82,No
1743,Female,1,24,37.44,Month-to-month,Net Banking,898.56,No
1744,Female,0,20,108.88,Month-to-month,UPI,2177.6,Yes
1745,Female,1,27,69.57,One year,Net Banking,1878.39,Yes
1746,Male,0,2,109.52,Month-to-month,Debit card,219.04,Yes
1747,Male,0,60,26.3,Month-to-month,Credit card,1578.0,No
1748,Female,0,51,111.64,Month-to-month,Net Banking,5693.64,Yes
1749,Female,0,1,61.54,Month-to-month,Debit card,61.54,Yes
1750,Female,0,6,35.54,Month-to-month,Net Banking,213.24,Yes
1751,Female,0,38,88.34,Month-to-month,Debit card,3356.92,Yes
1752,Female,0,54,99.69,Month-to-month,Debit card,5383.26,Yes
1753,Female,0,60,24.74,Month-to-month,Credit card,1484.4,No
1754,Male,0,27,118.72,Month-to-month,UPI,3205.44,Yes
1755,Female,0,62,89.7,Month-to-month,Credit card,5561.4,Yes
1756,Female,1,63,52.14,One year,Net Banking,3284.82,No
1757,Female,0,35,35.13,Month-to-month,Credit card,1229.55,No
1758,Female,0,58,59.25,Month-to-month,Debit card,3436.5,No
1759,Male,0,61,42.06,Month-to-month,Debit card,2565.66,No
1760,Male,1,36,69.42,Month-to-month,Credit card,2499.12,Yes
1761,Female,0,56,98.19,Month-to-month,Net Banking,5498.64,Yes
1762,Female,0,67,86.01,Month-to-month,UPI,5762.67,Yes
1763,Female,0,57,63.59,One year,UPI,3624.63,No
1764,Male,0,41,31.89,One year,Debit card,1307.49,No
1765,Male,1,31,115.72,Month-to-month,UPI,3587.32,Yes
1766,Male,0,3,47.04,Month-to-month,UPI,141.12,Yes
1767,Female,0,38,47.78,Month-to-month,Net Banking,1815.64,No
1768,Male,0,53,84.55,One year,UPI,4481.15,No
1769,Female,0,52,97.05,Month-to-month,Credit card,5046.6,Yes
1770,Female,1,24,118.42,Month-to-month,Net Banking,2842.08,Yes
1771,Female,1,26,116.92,Month-to-month,Credit card,3039.92,Yes
1772,Female,0,37,111.38,Two year,Debit card,4121.06,No
1773,Female,0,48,63.53,Month-to-month,Net Banking,3049.44,No
1774,Male,0,67,36.67,Month-to-month,UPI,2456.89,Yes
1775,Male,0,41,78.45,One year,Net Banking,3216.45,No
1776,Male,1,49,21.73,Month-to-month,Debit card,1064.77,No
1777,Female,0,28,39.62,Month-to-month,Credit card,1109.36,Yes
1778,Male,0,32,20.25,One year,Debit card,648.0,No
1779,Female,0,71,38.05,Two year,Net Banking,2701.55,No
1780,Female,0,71,67.48,One year,Credit card,4791.08,No
1781,Female,1,32,59.33,Month-to-month,Credit card,1898.56,Yes
1782,Male,0,38,56.93,One year,Net Banking,2163.34,No
1783,Male,0,20,103.1,Two year,Debit card,2062.0,No
1784,Male,0,8,87.5,Month-to-month,UPI,700.0,Yes
1785,Male,1,68,113.64,Month-to-month,Debit card,7727.52,Yes
1786,Female,1,26,64.53,Two year,UPI,1677.78,No
1787,Female,0,70,47.22,Month-to-month,Debit card,3305.4,Yes
1788,Female,0,48,32.27,Month-to-month,Net Banking,1548.96,Yes
1789,Female,0,69,87.2,Month-to-month,Debit card,6016.8,Yes
1790,Female,1,46,104.17,Month-to-month,Debit card,4791.82,Yes
1791,Male,1,58,38.37,One year,Net Banking,2225.46,Yes
1792,Male,0,70,107.88,Month-to-month,Net Banking,7551.6,Yes
1793,Female,0,67,72.63,Month-to-month,Credit card,4866.21,No
1794,Female,1,29,34.41,One year,Debit card,997.89,No
1795,Female,0,10,84.29,One year,Net Banking,842.9,Yes
1796,Female,0,71,72.01,One year,Net Banking,5112.71,No
1797,Female,0,65,22.82,Month-to-month,Credit card,1483.3,Yes
1798,Male,1,65,59.92,Month-to-month,Net Banking,3894.8,Yes
1799,Female,0,17,98.48,Month-to-month,Credit card,1674.16,Yes
1800,Male,1,22,75.54,Month-to-month,Net Banking,1661.88,No
1801,Male,0,14,48.2,Month-to-month,Credit card,674.8,Yes
1802,Female,0,6,112.86,One year,Debit card,677.16,Yes
1803,Female,0,30,43.78,Month-to-month,Net Banking,1313.4,No
1804,Male,1,47,45.27,Month-to-month,Net Banking,2127.69,Yes
1805,Male,0,20,55.46,One year,Debit card,1109.2,Yes
1806,Male,0,16,109.45,Month-to-month,Debit card,1751.2,Yes
1807,Female,1,68,70.76,Month-to-month,Debit card,4811.68,No
1808,Male,0,34,88.22,Month-to-month,Credit card,2999.48,Yes
1809,Female,1,1,117.63,Month-to-month,Net Banking,117.63,Yes
1810,Male,0,48,98.33,Two year,Net Banking,4719.84,No
1811,Female,0,8,37.26,One year,UPI,298.08,Yes
1812,Female,0,22,98.84,Month-to-month,UPI,2174.48,Yes
1813,Male,1,68,94.83,Month-to-month,Net Banking,6448.44,Yes
1814,Female,0,34,43.26,Month-to-month,Credit card,1470.84,No
1815,Female,1,60,52.53,One year,Credit card,3151.8,Yes
1816,Male,0,45,91.01,Two year,UPI,4095.45,No
1817,Female,0,37,43.84,Month-to-month,UPI,1622.08,Yes
1818,Male,0,23,40.82,Two year,UPI,938.86,No
1819,Male,1,24,90.35,Month-to-month,UPI,2168.4,Yes
1820,Male,0,13,108.06,Month-to-month,UPI,1404.78,Yes
1821,Female,0,69,27.5,Month-to-month,Debit card,1897.5,No
1822,Female,1,60,64.59,One year,Net Banking,3875.4,No
1823,Male,0,38,80.72,Month-to-month,Net Banking,3067.36,Yes
1824,Female,0,48,87.63,One year,UPI,4206.24,No
1825,Male,0,26,119.62,Month-to-month,Net Banking,3110.12,Yes
1826,Male,0,1,88.27,One year,Net Banking,88.27,Yes
1827,Male,0,4,82.02,Month-to-month,Debit card,328.08,Yes
1828,Female,1,67,118.97,Month-to-month,Debit card,7970.99,Yes
1829,Female,0,13,26.07,Month-to-month,Credit card,338.91,Yes
1830,Female,0,39,27.44,One year,Credit card,1070.16,Yes
1831,Male,1,31,76.07,One year,UPI,2358.17,No
1832,Male,0,24,55.87,Month-to-month,Credit card,1340.88,Yes
1833,Female,1,5,29.67,Month-to-month,UPI,148.35,Yes
1834,Female,0,49,50.64,One year,Credit card,2481.36,No
1835,Male,0,11,87.44,Month-to-month,Net Banking,961.84,Yes
1836,Male,0,24,108.06,Two year,Net Banking,2593.44,No
1837,Male,0,45,29.43,Two year,Credit card,1324.35,No
1838,Male,0,34,74.01,Month-to-month,Net Banking,2516.34,Yes
1839,Female,0,11,49.61,One year,Net Banking,545.71,Yes
1840,Female,0,57,86.73,One year,UPI,4943.61,No
1841,Male,0,29,74.95,Month-to-month,Net Banking,2173.55,No
1842,Male,0,22,112.67,Month-to-month,Credit card,2478.74,Yes
1843,Female,0,33,23.77,Month-to-month,Net Banking,784.41,No
1844,Male,0,49,67.0,Two year,UPI,3283.0,No
1845,Male,0,23,39.28,One year,Credit card,903.44,No
1846,Female,0,69,73.68,Month-to-month,UPI,5083.92,No
1847,Female,0,29,105.36,Month-to-month,Net Banking,3055.44,Yes
1848,Female,0,6,111.13,Month-to-month,Net Banking,666.78,Yes
1849,Male,0,52,59.82,One year,Net Banking,3110.64,No
1850,Male,0,14,101.18,Month-to-month,Debit card,1416.52,Yes
1851,Female,0,17,48.05,One year,UPI,816.85,No
1852,Female,1,28,20.63,Month-to-month,Credit card,577.64,No
1853,Male,0,9,105.52,Month-to-month,Net Banking,949.68,Yes
1854,Male,0,66,31.94,Month-to-month,Debit card,2108.04,Yes
1855,Male,0,4,21.76,Month-to-month,Debit card,87.04,Yes
1856,Female,1,20,55.38,One year,UPI,1107.6,No
1857,Female,0,41,57.94,One year,Net Banking,2375.54,No
1858,Male,0,36,27.72,Two year,UPI,997.92,No
1859,Female,0,6,101.42,One year,Net Banking,608.52,Yes
1860,Female,1,65,60.56,Month-to-month,Net Banking,3936.4,Yes
1861,Female,0,50,68.99,Two year,Net Banking,3449.5,No
1862,Male,0,64,46.46,One year,Debit card,2973.44,No
1863,Male,0,3,71.15,Month-to-month,UPI,213.45,Yes
1864,Female,0,37,96.67,Month-to-month,UPI,3576.79,Yes
1865,Male,0,3,110.62,Two year,UPI,331.86,Yes
1866,Female,0,33,117.05,One year,Credit card,3862.65,No
1867,Female,1,59,62.67,One year,Credit card,3697.53,No
1868,Male,0,15,119.0,Month-to-month,Debit card,1785.0,Yes
1869,Female,1,56,49.5,One year,Debit card,2772.0,No
1870,Female,0,61,20.7,Month-to-month,Debit card,1262.7,No
1871,Female,1,68,96.76,Month-to-month,UPI,6579.68,Yes
1872,Female,1,71,37.84,One year,UPI,2686.64,Yes
1873,Female,0,68,25.25,One year,Net Banking,1717.0,No
1874,Female,0,62,112.4,Month-to-month,UPI,6968.8,Yes
1875,Male,0,67,99.18,Month-to-month,Debit card,6645.06,Yes
1876,Female,0,23,30.27,Month-to-month,Debit card,696.21,No
1877,Male,0,14,97.69,Month-to-month,Net Banking,1367.66,Yes
1878,Male,1,6,104.4,Month-to-month,Credit card,626.4,Yes
1879,Male,0,33,110.53,Month-to-month,UPI,3647.49,Yes
1880,Male,0,9,74.37,Month-to-month,UPI,669.33,Yes
1881,Male,0,12,90.34,One year,Credit card,1084.08,Yes
1882,Female,0,51,96.22,Month-to-month,Debit card,4907.22,Yes
1883,Female,0,3,88.86,Month-to-month,Debit card,266.58,Yes
1884,Male,1,56,84.68,Two year,Debit card,4742.08,No
1885,Female,0,46,74.76,One year,UPI,3438.96,Yes
1886,Male,1,36,67.92,Month-to-month,Credit card,2445.12,Yes
1887,Female,0,13,119.61,Month-to-month,Credit card,1554.93,Yes
1888,Male,0,13,53.76,One year,Debit card,698.88,No
1889,Male,0,58,28.83,Month-to-month,UPI,1672.14,Yes
1890,Male,0,34,96.5,One year,Credit card,3281.0,Yes
1891,Female,0,43,41.38,Month-to-month,UPI,1779.34,No
1892,Female,0,28,73.27,Two year,Net Banking,2051.56,No
1893,Male,1,56,29.58,One year,Debit card,1656.48,Yes
1894,Male,0,47,81.93,Month-to-month,Debit card,3850.71,Yes
1895,Female,0,35,114.4,Month-to-month,Net Banking,4004.0,Yes
1896,Female,0,19,92.27,Month-to-month,Credit card,1753.13,Yes
1897,Male,0,51,41.45,Month-to-month,Debit card,2113.95,Yes
1898,Male,0,20,117.11,Month-to-month,Credit card,2342.2,Yes
1899,Male,0,29,50.71,Month-to-month,Debit card,1470.59,No
1900,Female,1,65,63.66,Month-to-month,Net Banking,4137.9,No
1901,Male,0,38,69.81,One year,Net Banking,2652.78,No
1902,Female,0,49,119.07,Month-to-month,Credit card,5834.43,Yes
1903,Female,0,28,26.89,One year,Debit card,752.92,No
1904,Male,0,33,89.67,One year,Debit card,2959.11,Yes
1905,Female,0,13,56.19,Two year,UPI,730.47,No
1906,Male,1,44,27.83,One year,UPI,1224.52,No
1907,Male,0,52,113.5,Two year,Debit card,5902.0,No
1908,Female,0,41,78.99,Two year,Credit card,3238.59,No
1909,Male,1,49,95.35,Month-to-month,Net Banking,4672.15,Yes
1910,Female,0,7,44.04,Month-to-month,Debit card,308.28,Yes
1911,Female,0,36,96.15,Month-to-month,UPI,3461.4,Yes
1912,Male,0,26,102.85,Month-to-month,Net Banking,2674.1,Yes
1913,Female,1,27,63.08,Month-to-month,Credit card,1703.16,No
1914,Female,0,24,77.2,One year,Debit card,1852.8,No
1915,Male,0,71,117.19,Month-to-month,Debit card,8320.49,Yes
1916,Female,0,33,104.67,Month-to-month,Net Banking,3454.11,Yes
1917,Male,0,18,64.49,Month-to-month,Net Banking,1160.82,No
1918,Male,0,5,86.46,Two year,UPI,432.3,Yes
1919,Female,0,1,98.42,Month-to-month,Credit card,98.42,Yes
1920,Female,0,71,22.43,Two year,Net Banking,1592.53,No
1921,Male,1,3,78.84,Month-to-month,Credit card,236.52,Yes
1922,Female,0,36,118.45,One year,Credit card,4264.2,Yes
1923,Male,0,35,114.72,Month-to-month,Debit card,4015.2,Yes
1924,Female,0,51,103.24,Month-to-month,Net Banking,5265.24,Yes
1925,Male,0,12,30.62,Two year,Net Banking,367.44,No
1926,Male,0,15,119.4,Month-to-month,UPI,1791.0,Yes
1927,Female,0,4,80.95,Month-to-month,Debit card,323.8,Yes
1928,Female,0,56,42.29,Month-to-month,Net Banking,2368.24,No
1929,Female,0,16,87.43,One year,Net Banking,1398.88,No
1930,Male,1,6,105.65,Two year,UPI,633.9,Yes
1931,Male,1,63,31.23,One year,UPI,1967.49,No
1932,Female,0,23,111.64,Month-to-month,Credit card,2567.72,Yes
1933,Female,0,44,112.02,Month-to-month,Debit card,4928.88,Yes
1934,Male,0,1,21.35,Month-to-month,Credit card,21.35,Yes
1935,Female,0,57,110.03,One year,UPI,6271.71,No
1936,Female,0,27,114.68,Month-to-month,Net Banking,3096.36,Yes
1937,Male,0,25,23.77,One year,Net Banking,594.25,No
1938,Female,1,62,49.42,Month-to-month,UPI,3064.04,No
1939,Male,1,18,57.31,Month-to-month,Credit card,1031.58,No
1940,Male,0,30,54.89,Month-to-month,Credit card,1646.7,Yes
1941,Female,0,30,95.9,Month-to-month,UPI,2877.0,Yes
1942,Female,0,47,55.81,One year,Net Banking,2623.07,No
1943,Female,0,22,115.66,Month-to-month,Debit card,2544.52,Yes
1944,Male,0,42,119.5,Month-to-month,Credit card,5019.0,Yes
1945,Male,0,34,51.68,Month-to-month,Debit card,1757.12,No
1946,Male,0,63,70.88,Month-to-month,Net Banking,4465.44,No
1947,Female,0,4,75.77,Month-to-month,UPI,303.08,Yes
1948,Male,1,31,77.94,One year,Credit card,2416.14,No
1949,Male,0,51,57.42,Month-to-month,Credit card,2928.42,No
1950,Male,0,50,36.6,Month-to-month,Net Banking,1830.0,No
1951,Female,0,14,25.46,One year,UPI,356.44,Yes
1952,Male,1,8,30.63,One year,Credit card,245.04,Yes
1953,Female,1,69,110.13,Month-to-month,Net Banking,7598.97,Yes
1954,Female,0,8,48.04,Two year,Credit card,384.32,Yes
1955,Male,1,11,27.68,Two year,Debit card,304.48,Yes
1956,Male,0,29,82.35,Month-to-month,Credit card,2388.15,Yes
1957,Male,0,55,27.53,One year,Net Banking,1514.15,No
1958,Female,0,39,27.01,Month-to-month,Debit card,1053.39,Yes
1959,Female,0,13,82.16,Month-to-month,Credit card,1068.08,Yes
1960,Female,0,64,79.14,Month-to-month,Credit card,5064.96,Yes
1961,Female,0,49,24.15,One year,UPI,1183.35,Yes
1962,Male,0,19,66.05,One year,UPI,1254.95,No
1963,Male,0,67,63.58,Month-to-month,Credit card,4259.86,Yes
1964,Female,0,52,74.67,Month-to-month,Debit card,3882.84,Yes
1965,Female,0,71,93.78,Month-to-month,UPI,6658.38,Yes
1966,Female,0,20,48.28,Month-to-month,UPI,965.6,No
1967,Female,0,54,63.28,Two year,UPI,3417.12,No
1968,Female,1,5,99.27,Month-to-month,Net Banking,496.35,Yes
1969,Female,1,62,112.26,Month-to-month,Credit card,6960.12,Yes
1970,Female,0,17,109.13,Month-to-month,Debit card,1855.21,Yes
1971,Female,0,53,67.76,Two year,Debit card,3591.28,No
1972,Male,0,37,72.09,One year,Credit card,2667.33,No
1973,Male,1,19,72.91,Month-to-month,UPI,1385.29,No
1974,Female,0,10,106.87,Month-to-month,Debit card,1068.7,Yes
1975,Male,1,44,103.99,Month-to-month,Net Banking,4575.56,Yes
1976,Male,0,49,51.15,Two year,Net Banking,2506.35,No
1977,Male,1,37,36.28,Month-to-month,Debit card,1342.36,Yes
1978,Female,0,58,57.9,Month-to-month,Net Banking,3358.2,Yes
1979,Female,1,15,48.84,Month-to-month,Credit card,732.6,Yes
1980,Female,0,20,115.08,Month-to-month,Net Banking,2301.6,Yes
1981,Male,1,55,46.59,Month-to-month,Net Banking,2562.45,No
1982,Female,0,13,38.12,Month-to-month,Debit card,495.56,No
1983,Male,0,20,109.95,Month-to-month,Net Banking,2199.0,Yes
1984,Female,1,43,28.65,Month-to-month,Debit card,1231.95,No
1985,Female,0,41,46.03,Month-to-month,UPI,1887.23,No
1986,Male,0,48,63.91,Month-to-month,UPI,3067.68,No
1987,Female,0,56,79.51,One year,Net Banking,4452.56,Yes
1988,Male,0,68,52.77,Month-to-month,UPI,3588.36,No
1989,Female,1,44,69.62,Month-to-month,Debit card,3063.28,Yes
1990,Female,0,47,39.88,One year,UPI,1874.36,Yes
1991,Female,0,50,77.43,Two year,Credit card,3871.5,No
1992,Male,1,32,60.78,Month-to-month,UPI,1944.96,Yes
1993,Female,0,54,104.93,Month-to-month,UPI,5666.22,Yes
1994,Male,1,39,61.57,One year,Debit card,2401.23,No
1995,Male,1,58,64.38,Month-to-month,UPI,3734.04,No
1996,Male,0,61,79.22,Two year,Net Banking,4832.42,No
1997,Female,0,19,32.32,Two year,Credit card,614.08,No
1998,Female,1,69,35.68,Month-to-month,UPI,2461.92,No
1999,Female,1,22,99.02,Month-to-month,UPI,2178.44,Yes
2000,Female,1,35,47.34,Month-to-month,Net Banking,1656.9,No
2001,Female,0,10,88.47,Two year,Credit card,884.7,Yes
2002,Male,0,15,29.74,One year,Credit card,446.1,No
2003,Male,0,2,102.18,Month-to-month,UPI,204.36,Yes
2004,Male,0,22,118.82,Month-to-month,Debit card,2614.04,Yes
2005,Male,0,12,57.37,One year,Credit card,688.44,Yes
2006,Male,0,62,70.55,Two year,Credit card,4374.1,No
2007,Male,0,45,64.27,One year,Debit card,2892.15,No
2008,Female,0,58,109.42,Month-to-month,Credit card,6346.36,Yes
2009,Male,1,20,20.99,Month-to-month,Credit card,419.8,No
2010,Male,1,51,85.35,Month-to-month,Debit card,4352.85,Yes
2011,Male,0,7,85.24,Two year,UPI,596.68,Yes
2012,Male,0,24,58.24,Month-to-month,Debit card,1397.76,No
2013,Female,0,67,41.93,One year,Net Banking,2809.31,Yes
2014,Male,0,70,43.97,Month-to-month,Net Banking,3077.9,No
2015,Female,0,53,100.05,Month-to-month,UPI,5302.65,Yes
2016,Female,0,34,26.61,One year,Net Banking,904.74,No
2017,Male,0,33,76.38,One year,Net Banking,2520.54,No
2018,Male,0,23,50.68,Month-to-month,Credit card,1165.64,No
2019,Female,0,58,46.52,Month-to-month,Credit card,2698.16,No
2020,Male,0,68,70.57,One year,UPI,4798.76,No
2021,Male,0,69,109.79,One year,Net Banking,7575.51,No
2022,Male,0,40,81.81,One year,Net Banking,3272.4,No
2023,Female,0,47,98.86,Month-to-month,Debit card,4646.42,Yes
2024,Male,0,43,80.07,Month-to-month,Credit card,3443.01,Yes
2025,Female,0,61,89.77,Two year,Debit card,5475.97,No
2026,Female,1,42,63.24,Two year,Net Banking,2656.08,No
2027,Female,0,62,112.6,Month-to-month,UPI,6981.2,Yes
2028,Male,0,67,70.19,Two year,Net Banking,4702.73,No
2029,Female,1,55,75.18,Month-to-month,UPI,4134.9,No
2030,Male,0,49,72.5,Month-to-month,UPI,3552.5,No
2031,Female,0,49,51.62,One year,Debit card,2529.38,No
2032,Male,0,33,43.12,Month-to-month,Net Banking,1422.96,Yes
2033,Male,0,28,27.38,Two year,Debit card,766.64,No
2034,Female,0,57,91.82,Month-to-month,Net Banking,5233.74,Yes
2035,Female,0,41,48.93,Month-to-month,UPI,2006.13,Yes
2036,Female,1,4,58.92,Month-to-month,Credit card,235.68,Yes
2037,Male,0,20,111.99,Month-to-month,Net Banking,2239.8,Yes
2038,Male,1,35,76.64,Month-to-month,UPI,2682.4,No
2039,Male,1,53,29.71,Month-to-month,Credit card,1574.63,No
2040,Female,1,39,99.96,Month-to-month,Net Banking,3898.44,Yes
2041,Male,1,53,45.61,One year,Credit card,2417.33,No
2042,Male,0,10,75.27,Month-to-month,Net Banking,752.7,Yes
2043,Male,0,65,71.0,One year,Net Banking,4615.0,No
2044,Female,0,1,43.81,Month-to-month,Credit card,43.81,Yes
2045,Female,1,53,31.58,Month-to-month,Debit card,1673.74,Yes
2046,Male,0,46,41.13,Month-to-month,Credit card,1891.98,No
2047,Female,0,26,29.73,Month-to-month,Credit card,772.98,No
2048,Female,1,2,47.56,One year,UPI,95.12,Yes
2049,Female,0,28,119.73,Two year,Credit card,3352.44,No
2050,Female,0,27,60.21,Month-to-month,Net Banking,1625.67,Yes
2051,Female,0,28,106.39,Month-to-month,Net Banking,2978.92,Yes
2052,Female,0,31,74.92,Month-to-month,Credit card,2322.52,No
2053,Female,0,47,86.66,Two year,UPI,4073.02,No
2054,Female,0,7,35.63,One year,Net Banking,249.41,Yes
2055,Female,1,48,47.48,Month-to-month,Debit card,2279.04,No
2056,Male,0,26,71.04,Month-to-month,Credit card,1847.04,No
2057,Male,0,55,108.11,Month-to-month,Debit card,5946.05,Yes
2058,Female,0,7,24.29,One year,UPI,170.03,Yes
2059,Female,0,57,70.69,One year,Debit card,4029.33,No
2060,Female,0,58,25.1,Two year,Credit card,1455.8,No
2061,Female,0,1,65.68,Month-to-month,Debit card,65.68,Yes
2062,Male,0,29,82.89,One year,Net Banking,2403.81,No
2063,Female,0,22,94.47,Month-to-month,Debit card,2078.34,Yes
2064,Male,0,40,33.85,One year,UPI,1354.0,No
2065,Male,0,62,36.66,Month-to-month,UPI,2272.92,No
2066,Male,0,14,67.01,One year,UPI,938.14,No
2067,Male,0,2,119.8,Month-to-month,Net Banking,239.6,Yes
2068,Male,0,35,55.6,Month-to-month,UPI,1946.0,No
2069,Male,1,71,62.75,One year,Net Banking,4455.25,No
2070,Female,0,67,63.24,Two year,UPI,4237.08,No
2071,Female,0,22,28.07,One year,UPI,617.54,No
2072,Male,1,18,97.42,One year,UPI,1753.56,No
2073,Female,0,46,45.31,One year,Net Banking,2084.26,Yes
2074,Male,1,63,90.37,Month-to-month,UPI,5693.31,Yes
2075,Female,0,36,67.51,Month-to-month,Net Banking,2430.36,Yes
2076,Male,1,46,81.18,Two year,Net Banking,3734.28,No
2077,Male,0,37,25.4,Two year,Net Banking,939.8,No
2078,Female,0,18,109.0,Month-to-month,Debit card,1962.0,Yes
2079,Male,1,43,44.39,Month-to-month,UPI,1908.77,Yes
2080,Female,1,29,87.01,Two year,Net Banking,2523.29,No
2081,Male,0,18,99.8,One year,Debit card,1796.4,Yes
2082,Female,1,15,74.0,Month-to-month,Credit card,1110.0,No
2083,Female,0,59,53.73,Month-to-month,Net Banking,3170.07,Yes
2084,Female,0,28,117.79,Two year,Net Banking,3298.12,No
2085,Female,0,53,47.84,Month-to-month,UPI,2535.52,No
2086,Female,0,15,114.87,Month-to-month,Net Banking,1723.05,Yes
2087,Male,0,43,35.62,Month-to-month,Credit card,1531.66,No
2088,Male,0,33,58.92,Month-to-month,Net Banking,1944.36,No
2089,Female,0,2,33.85,Month-to-month,Net Banking,67.7,Yes
2090,Male,0,59,20.22,Month-to-month,UPI,1192.98,No
2091,Male,0,8,46.03,Month-to-month,Net Banking,368.24,Yes
2092,Female,0,33,28.72,One year,Credit card,947.76,No
2093,Female,0,35,118.63,Month-to-month,Debit card,4152.05,Yes
2094,Male,1,18,96.17,Month-to-month,UPI,1731.06,Yes
2095,Female,0,21,20.37,Month-to-month,Debit card,427.77,No
2096,Female,0,64,42.36,Month-to-month,Credit card,2711.04,No
2097,Female,0,28,87.01,Month-to-month,Net Banking,2436.28,Yes
2098,Male,0,45,59.86,One year,Debit card,2693.7,No
2099,Female,0,20,103.18,Month-to-month,UPI,2063.6,Yes
2100,Male,0,4,70.49,Month-to-month,Debit card,281.96,Yes
2101,Female,0,36,85.37,One year,Net Banking,3073.32,No
2102,Male,1,52,79.7,Month-to-month,Debit card,4144.4,No
2103,Female,0,39,83.82,Month-to-month,Credit card,3268.98,Yes
2104,Female,1,71,43.01,Two year,Net Banking,3053.71,No
2105,Female,0,12,57.33,Two year,Net Banking,687.96,No
2106,Male,0,55,25.06,Two year,Net Banking,1378.3,No
2107,Male,0,48,78.76,Month-to-month,Credit card,3780.48,No
2108,Male,0,9,65.93,Two year,UPI,593.37,Yes
2109,Male,0,12,96.07,One year,Credit card,1152.84,No
2110,Female,1,69,40.64,Month-to-month,Net Banking,2804.16,No
2111,Female,0,57,63.68,One year,Net Banking,3629.76,No
2112,Male,0,28,38.07,Month-to-month,Debit card,1065.96,No
2113,Male,0,17,81.4,Month-to-month,Credit card,1383.8,Yes
2114,Male,0,22,104.8,Month-to-month,UPI,2305.6,Yes
2115,Male,0,35,96.54,Month-to-month,Net Banking,3378.9,Yes
2116,Male,1,59,114.42,Month-to-month,Credit card,6750.78,Yes
2117,Male,0,19,117.17,Month-to-month,Net Banking,2226.23,Yes
2118,Female,0,50,97.2,Month-to-month,UPI,4860.0,Yes
2119,Male,0,26,48.68,One year,UPI,1265.68,No
2120,Male,0,60,41.93,Month-to-month,Debit card,2515.8,No
2121,Male,0,44,64.75,One year,Debit card,2849.0,No
2122,Female,0,56,119.39,Month-to-month,Debit card,6685.84,Yes
2123,Male,0,43,61.27,One year,UPI,2634.61,No
2124,Female,0,23,39.91,Month-to-month,Credit card,917.93,Yes
2125,Female,0,22,114.43,One year,Credit card,2517.46,Yes
2126,Male,1,47,58.59,One year,UPI,2753.73,No
2127,Female,0,55,89.09,Two year,UPI,4899.95,No
2128,Male,0,11,98.82,Month-to-month,Credit card,1087.02,Yes
2129,Female,0,55,104.32,Month-to-month,Net Banking,5737.6,Yes
2130,Male,1,26,102.13,Month-to-month,Credit card,2655.38,Yes
2131,Male,0,1,103.62,Month-to-month,UPI,103.62,Yes
2132,Female,0,62,86.77,Month-to-month,Credit card,5379.74,Yes
2133,Male,1,21,60.38,Two year,Credit card,1267.98,No
2134,Male,0,8,86.73,Month-to-month,UPI,693.84,Yes
2135,Female,0,20,103.67,Month-to-month,Net Banking,2073.4,Yes
2136,Female,0,45,55.06,One year,UPI,2477.7,Yes
2137,Male,0,65,49.65,Month-to-month,Debit card,3227.25,No
2138,Female,1,60,54.37,Month-to-month,Debit card,3262.2,No
2139,Male,1,67,75.13,One year,Credit card,5033.71,No
2140,Female,1,56,25.24,Month-to-month,UPI,1413.44,No
2141,Female,1,31,97.9,One year,Net Banking,3034.9,No
2142,Female,0,22,33.89,Month-to-month,Credit card,745.58,Yes
2143,Male,0,62,33.28,Month-to-month,UPI,2063.36,No
2144,Male,0,56,39.77,Two year,Credit card,2227.12,No
2145,Male,0,8,77.69,Two year,Credit card,621.52,Yes
2146,Male,0,62,48.56,Month-to-month,UPI,3010.72,No
2147,Male,0,24,56.81,One year,Net Banking,1363.44,No
2148,Female,1,22,113.16,Month-to-month,Net Banking,2489.52,Yes
2149,Male,0,15,104.72,Month-to-month,Debit card,1570.8,Yes
2150,Female,1,28,105.22,One year,Net Banking,2946.16,No
2151,Female,0,22,77.76,Month-to-month,Debit card,1710.72,No
2152,Female,0,31,106.65,One year,UPI,3306.15,Yes
2153,Male,1,62,97.86,One year,Credit card,6067.32,No
2154,Female,1,69,115.32,One year,Credit card,7957.08,No
2155,Male,0,39,26.44,Month-to-month,Net Banking,1031.16,No
2156,Male,0,40,22.87,One year,Credit card,914.8,Yes
2157,Male,0,69,37.5,Two year,UPI,2587.5,No
2158,Male,1,55,112.91,Month-to-month,Net Banking,6210.05,Yes
2159,Female,0,71,80.56,Month-to-month,Net Banking,5719.76,Yes
2160,Male,0,64,62.61,Two year,Debit card,4007.04,No
2161,Female,0,8,71.27,Month-to-month,UPI,570.16,Yes
2162,Female,0,71,102.96,Month-to-month,Debit card,7310.16,Yes
2163,Male,0,44,112.91,Month-to-month,Net Banking,4968.04,Yes
2164,Female,1,38,92.97,Month-to-month,Debit card,3532.86,Yes
2165,Female,1,21,95.98,Month-to-month,UPI,2015.58,Yes
2166,Female,1,4,52.04,Month-to-month,Debit card,208.16,Yes
2167,Male,0,32,66.7,Month-to-month,Net Banking,2134.4,Yes
2168,Female,1,55,108.52,One year,Debit card,5968.6,No
2169,Male,0,60,98.59,Month-to-month,Net Banking,5915.4,Yes
2170,Male,0,59,88.43,Month-to-month,Net Banking,5217.37,Yes
2171,Male,0,67,26.52,One year,Debit card,1776.84,No
2172,Male,0,5,23.95,Two year,Credit card,119.75,Yes
2173,Female,0,37,33.04,Month-to-month,UPI,1222.48,No
2174,Female,0,27,78.14,Month-to-month,Net Banking,2109.78,No
2175,Female,0,13,73.64,Month-to-month,Credit card,957.32,No
2176,Male,0,6,114.27,Month-to-month,UPI,685.62,Yes
2177,Female,0,65,89.48,Two year,Credit card,5816.2,No
2178,Male,0,30,49.4,Month-to-month,Debit card,1482.0,Yes
2179,Female,1,52,36.15,Month-to-month,Net Banking,1879.8,No
2180,Male,0,41,104.95,Month-to-month,Credit card,4302.95,Yes
2181,Male,0,15,65.96,Month-to-month,Credit card,989.4,Yes
2182,Male,0,5,85.35,Month-to-month,UPI,426.75,Yes
2183,Male,0,15,76.51,One year,UPI,1147.65,No
2184,Female,0,1,30.75,Two year,Net Banking,30.75,Yes
2185,Male,0,15,25.71,Month-to-month,Credit card,385.65,No
2186,Female,0,60,57.7,Month-to-month,Net Banking,3462.0,No
2187,Female,0,48,56.16,Month-to-month,UPI,2695.68,No
2188,Female,0,54,87.38,One year,Net Banking,4718.52,Yes
2189,Male,0,55,83.22,Month-to-month,Debit card,4577.1,Yes
2190,Male,1,27,116.89,One year,Net Banking,3156.03,No
2191,Male,0,30,105.81,Month-to-month,Debit card,3174.3,Yes
2192,Female,0,60,69.66,Month-to-month,Net Banking,4179.6,No
2193,Male,1,66,70.0,Month-to-month,Net Banking,4620.0,No
2194,Male,0,46,87.41,Month-to-month,Debit card,4020.86,Yes
2195,Female,0,52,31.41,One year,UPI,1633.32,No
2196,Male,0,35,119.99,Month-to-month,Net Banking,4199.65,Yes
2197,Female,0,42,71.88,One year,UPI,3018.96,No
2198,Female,0,56,110.99,Month-to-month,Credit card,6215.44,Yes
2199,Female,0,45,116.74,Month-to-month,UPI,5253.3,Yes
2200,Male,1,52,78.16,Month-to-month,Credit card,4064.32,No
2201,Male,1,23,30.33,Month-to-month,UPI,697.59,Yes
2202,Female,0,29,77.33,One year,UPI,2242.57,Yes
2203,Female,0,29,79.76,Month-to-month,Credit card,2313.04,No
2204,Male,1,57,98.92,Month-to-month,Debit card,5638.44,Yes
2205,Male,0,19,24.82,Month-to-month,UPI,471.58,No
2206,Female,0,8,66.63,Month-to-month,Credit card,533.04,Yes
2207,Female,0,50,112.28,One year,UPI,5614.0,Yes
2208,Female,0,7,119.13,Two year,UPI,833.91,Yes
2209,Male,0,11,39.14,Month-to-month,UPI,430.54,Yes
2210,Female,0,67,107.06,Two year,UPI,7173.02,No
2211,Male,0,66,34.63,Two year,Net Banking,2285.58,No
2212,Female,1,28,104.12,Month-to-month,UPI,2915.36,Yes
2213,Male,0,56,47.73,Month-to-month,Credit card,2672.88,No
2214,Female,0,28,115.96,Month-to-month,UPI,3246.88,Yes
2215,Male,0,40,89.55,Month-to-month,Credit card,3582.0,Yes
2216,Male,0,2,59.91,Month-to-month,Credit card,119.82,Yes
2217,Male,0,61,48.1,Month-to-month,Debit card,2934.1,Yes
2218,Male,0,25,43.52,Month-to-month,Credit card,1088.0,Yes
2219,Male,1,54,88.08,One year,Credit card,4756.32,No
2220,Male,0,17,109.58,Month-to-month,Debit card,1862.86,Yes
2221,Female,0,48,95.49,One year,UPI,4583.52,No
2222,Female,1,12,103.48,Two year,Net Banking,1241.76,No
2223,Female,0,61,98.14,One year,Debit card,5986.54,Yes
2224,Male,0,2,117.91,Month-to-month,Net Banking,235.82,Yes
2225,Male,0,65,95.78,Month-to-month,UPI,6225.7,Yes
2226,Female,1,52,41.02,Month-to-month,UPI,2133.04,No
2227,Male,0,34,99.16,Two year,Net Banking,3371.44,No
2228,Male,0,45,52.21,One year,Net Banking,2349.45,Yes
2229,Female,0,1,119.58,Month-to-month,Credit card,119.58,Yes
2230,Female,0,52,57.67,Month-to-month,UPI,2998.84,No
2231,Female,0,67,49.28,One year,Debit card,3301.76,No
2232,Female,0,56,43.92,One year,Debit card,2459.52,No
2233,Female,0,58,85.85,Two year,UPI,4979.3,No
2234,Female,0,50,30.92,One year,Net Banking,1546.0,No
2235,Female,0,25,115.36,Month-to-month,Net Banking,2884.0,Yes
2236,Male,0,12,49.43,One year,Debit card,593.16,Yes
2237,Male,0,65,49.54,Two year,Net Banking,3220.1,No
2238,Male,0,56,24.61,One year,Debit card,1378.16,Yes
2239,Male,0,50,44.6,Month-to-month,Credit card,2230.0,Yes
2240,Female,0,28,61.9,One year,Credit card,1733.2,No
2241,Male,0,3,56.96,Two year,Credit card,170.88,Yes
2242,Male,1,38,47.3,Month-to-month,UPI,1797.4,Yes
2243,Male,0,64,24.07,Month-to-month,Net Banking,1540.48,No
2244,Male,0,54,50.06,One year,Credit card,2703.24,Yes
2245,Female,0,36,97.83,One year,Debit card,3521.88,Yes
2246,Male,0,44,63.88,Month-to-month,Credit card,2810.72,No
2247,Female,1,44,49.08,One year,Net Banking,2159.52,No
2248,Female,0,69,50.48,Month-to-month,Debit card,3483.12,Yes
2249,Male,0,53,75.44,Two year,Credit card,3998.32,No
2250,Female,0,13,50.23,Two year,Net Banking,652.99,No
2251,Male,0,44,83.08,Month-to-month,Debit card,3655.52,Yes
2252,Female,0,4,118.95,Two year,Credit card,475.8,Yes
2253,Female,0,70,24.12,Month-to-month,Credit card,1688.4,No
2254,Female,0,51,36.87,One year,Net Banking,1880.37,No
2255,Male,1,70,37.91,Month-to-month,Credit card,2653.7,Yes
2256,Male,1,11,64.71,Month-to-month,Net Banking,711.81,Yes
2257,Male,0,54,24.14,Two year,Credit card,1303.56,No
2258,Male,0,62,67.75,Two year,Debit card,4200.5,No
2259,Female,1,59,112.89,Month-to-month,Credit card,6660.51,Yes
2260,Male,0,61,21.16,Month-to-month,UPI,1290.76,No
2261,Female,0,40,56.49,Month-to-month,Credit card,2259.6,No
2262,Female,1,4,96.09,Two year,Net Banking,384.36,Yes
2263,Female,0,27,35.45,Month-to-month,Credit card,957.15,No
2264,Female,1,16,27.76,Month-to-month,UPI,444.16,No
2265,Female,0,7,83.08,One year,Debit card,581.56,Yes
2266,Female,0,11,21.0,Two year,UPI,231.0,Yes
2267,Female,0,64,100.18,Month-to-month,Debit card,6411.52,Yes
2268,Female,0,52,26.69,One year,UPI,1387.88,No
2269,Female,0,6,72.44,One year,UPI,434.64,Yes
2270,Female,0,48,94.01,Month-to-month,UPI,4512.48,Yes
2271,Female,0,69,44.2,One year,Debit card,3049.8,No
2272,Male,0,6,30.35,One year,Credit card,182.1,Yes
2273,Female,0,61,37.56,Month-to-month,Net Banking,2291.16,No
2274,Male,1,66,105.47,Month-to-month,Credit card,6961.02,Yes
2275,Male,0,53,90.58,One year,UPI,4800.74,No
2276,Female,1,28,39.81,Month-to-month,Debit card,1114.68,No
2277,Female,1,5,91.61,Month-to-month,Debit card,458.05,Yes
2278,Female,0,58,90.86,Month-to-month,Credit card,5269.88,Yes
2279,Female,0,24,119.77,Month-to-month,Debit card,2874.48,Yes
2280,Male,1,31,59.16,Month-to-month,Debit card,1833.96,Yes
2281,Male,0,41,106.49,Month-to-month,UPI,4366.09,Yes
2282,Female,0,68,64.64,Month-to-month,Debit card,4395.52,No
2283,Male,0,46,109.78,Month-to-month,Debit card,5049.88,Yes
2284,Female,0,10,29.16,Month-to-month,UPI,291.6,Yes
2285,Female,0,37,37.53,One year,Credit card,1388.61,No
2286,Female,0,21,105.0,One year,Net Banking,2205.0,Yes
2287,Male,0,21,101.93,Month-to-month,Net Banking,2140.53,Yes
2288,Male,1,10,50.54,Two year,Net Banking,505.4,Yes
2289,Male,1,24,79.68,One year,Credit card,1912.32,No
2290,Female,0,12,58.27,One year,Debit card,699.24,No
2291,Male,0,20,21.03,Month-to-month,UPI,420.6,No
2292,Female,0,70,22.61,Month-to-month,Credit card,1582.7,No
2293,Female,0,8,25.43,Two year,Net Banking,203.44,Yes
2294,Male,0,5,79.41,Month-to-month,Debit card,397.05,Yes
2295,Female,0,54,47.92,One year,Net Banking,2587.68,Yes
2296,Female,0,36,34.39,Month-to-month,Net Banking,1238.04,No
2297,Female,0,38,114.11,Two year,Net Banking,4336.18,No
2298,Female,1,3,32.13,Month-to-month,Credit card,96.39,Yes
2299,Male,1,36,87.4,Month-to-month,Debit card,3146.4,Yes
2300,Female,0,22,109.42,One year,Net Banking,2407.24,Yes
2301,Female,0,8,36.38,Month-to-month,Credit card,291.04,Yes
2302,Female,0,61,41.47,Month-to-month,UPI,2529.67,No
2303,Male,0,7,77.38,Month-to-month,UPI,541.66,Yes
2304,Female,1,68,70.84,Month-to-month,Credit card,4817.12,No
2305,Female,0,62,72.1,Month-to-month,UPI,4470.2,No
2306,Male,0,19,75.47,One year,Net Banking,1433.93,No
2307,Female,0,47,114.99,One year,Credit card,5404.53,Yes
2308,Male,1,24,25.38,Two year,Credit card,609.12,No
2309,Female,0,6,96.04,Month-to-month,UPI,576.24,Yes
2310,Male,0,8,43.25,Month-to-month,Debit card,346.0,Yes
2311,Female,1,25,57.37,Two year,UPI,1434.25,No
2312,Male,0,41,28.93,One year,Net Banking,1186.13,Yes
2313,Male,0,58,64.56,One year,Debit card,3744.48,No
2314,Female,0,60,100.42,Month-to-month,Debit card,6025.2,Yes
2315,Female,1,3,29.87,Two year,Net Banking,89.61,Yes
2316,Male,1,9,47.56,Month-to-month,Debit card,428.04,Yes
2317,Female,0,52,57.31,Month-to-month,Credit card,2980.12,No
2318,Female,0,58,30.39,One year,Debit card,1762.62,No
2319,Male,0,60,96.23,Month-to-month,Debit card,5773.8,Yes
2320,Male,0,49,98.69,Month-to-month,UPI,4835.81,Yes
2321,Female,0,5,103.59,One year,Credit card,517.95,Yes
2322,Female,0,62,78.39,One year,Net Banking,4860.18,No
2323,Female,0,32,70.72,One year,Credit card,2263.04,No
2324,Female,1,27,46.26,Month-to-month,Debit card,1249.02,No
2325,Male,0,24,85.52,Month-to-month,UPI,2052.48,Yes
2326,Male,0,38,64.46,Month-to-month,Net Banking,2449.48,Yes
2327,Male,0,67,117.08,Two year,Net Banking,7844.36,No
2328,Male,0,16,116.82,Month-to-month,Debit card,1869.12,Yes
2329,Female,0,15,110.52,Month-to-month,Credit card,1657.8,Yes
2330,Male,0,25,56.01,Month-to-month,UPI,1400.25,No
2331,Male,0,4,56.8,Month-to-month,Credit card,227.2,Yes
2332,Female,1,32,105.27,Two year,Credit card,3368.64,No
2333,Female,0,45,92.91,Month-to-month,Net Banking,4180.95,Yes
2334,Male,0,56,90.44,One year,Credit card,5064.64,No
2335,Female,0,35,47.96,Month-to-month,Credit card,1678.6,Yes
2336,Male,0,53,103.33,Month-to-month,Net Banking,5476.49,Yes
2337,Female,0,30,77.94,Two year,Net Banking,2338.2,No
2338,Female,0,49,64.69,One year,Credit card,3169.81,No
2339,Male,1,52,106.54,One year,Net Banking,5540.08,Yes
2340,Female,1,2,59.42,One year,UPI,118.84,Yes
2341,Male,1,59,85.39,Month-to-month,UPI,5038.01,Yes
2342,Male,1,37,66.59,Month-to-month,Credit card,2463.83,No
2343,Male,0,29,79.27,Month-to-month,Debit card,2298.83,No
2344,Female,0,30,24.05,One year,Net Banking,721.5,No
2345,Male,0,22,66.11,Month-to-month,Debit card,1454.42,Yes
2346,Male,1,19,75.65,Month-to-month,Net Banking,1437.35,No
2347,Male,0,67,69.27,Two year,Net Banking,4641.09,No
2348,Male,0,18,104.74,Month-to-month,Credit card,1885.32,Yes
2349,Male,0,65,51.11,Month-to-month,UPI,3322.15,Yes
2350,Male,0,5,108.41,Month-to-month,Debit card,542.05,Yes
2351,Female,0,11,60.35,Two year,UPI,663.85,Yes
2352,Male,0,58,89.45,Two year,UPI,5188.1,No
2353,Female,0,18,28.67,Month-to-month,Debit card,516.06,No
2354,Female,0,56,40.02,Month-to-month,Net Banking,2241.12,Yes
2355,Male,0,22,96.12,Month-to-month,Debit card,2114.64,Yes
2356,Female,0,56,21.23,Month-to-month,UPI,1188.88,Yes
2357,Female,0,66,116.85,Month-to-month,Debit card,7712.1,Yes
2358,Male,1,23,39.06,Month-to-month,Credit card,898.38,No
2359,Female,0,16,110.13,Two year,Net Banking,1762.08,No
2360,Male,0,44,71.59,Month-to-month,Net Banking,3149.96,No
2361,Female,0,68,76.46,One year,Debit card,5199.28,Yes
2362,Male,1,14,28.41,Month-to-month,Net Banking,397.74,No
2363,Female,0,9,56.52,Month-to-month,Net Banking,508.68,Yes
2364,Male,0,16,35.62,Month-to-month,UPI,569.92,Yes
2365,Male,1,13,72.59,One year,UPI,943.67,Yes
2366,Female,1,36,75.07,One year,Net Banking,2702.52,Yes
2367,Male,0,44,90.97,Month-to-month,Net Banking,4002.68,Yes
2368,Male,0,14,107.83,Month-to-month,UPI,1509.62,Yes
2369,Female,0,17,66.82,Two year,Net Banking,1135.94,No
2370,Male,0,65,43.34,One year,Net Banking,2817.1,No
2371,Male,0,54,53.36,One year,UPI,2881.44,No
2372,Female,1,2,104.71,Month-to-month,UPI,209.42,Yes
2373,Female,1,17,34.59,One year,UPI,588.03,Yes
2374,Female,0,23,82.73,Month-to-month,Credit card,1902.79,Yes
2375,Female,1,1,21.31,Month-to-month,UPI,21.31,Yes
2376,Female,0,12,44.57,Month-to-month,Net Banking,534.84,Yes
2377,Female,0,13,79.14,Month-to-month,UPI,1028.82,No
2378,Male,0,12,65.64,Month-to-month,Credit card,787.68,No
2379,Female,0,57,69.35,Month-to-month,UPI,3952.95,No
2380,Female,0,18,86.06,Month-to-month,UPI,1549.08,Yes
2381,Female,0,15,43.46,One year,Credit card,651.9,No
2382,Male,0,39,48.08,Two year,Debit card,1875.12,No
2383,Male,0,69,88.45,Month-to-month,Debit card,6103.05,Yes
2384,Male,1,33,73.83,Month-to-month,UPI,2436.39,No
2385,Female,0,48,21.46,Month-to-month,Debit card,1030.08,No
2386,Male,0,5,87.03,Month-to-month,Debit card,435.15,Yes
2387,Male,1,8,82.01,Month-to-month,Net Banking,656.08,Yes
2388,Male,0,19,27.86,Month-to-month,Net Banking,529.34,No
2389,Male,1,52,94.75,Month-to-month,Net Banking,4927.0,Yes
2390,Female,0,12,72.21,One year,Credit card,866.52,No
2391,Female,1,8,40.47,Two year,Debit card,323.76,Yes
2392,Female,1,55,75.94,One year,UPI,4176.7,Yes
2393,Female,0,34,79.55,Month-to-month,Credit card,2704.7,No
2394,Female,0,65,112.01,One year,Debit card,7280.65,No
2395,Female,0,47,94.21,Month-to-month,UPI,4427.87,Yes
2396,Male,0,35,50.19,Month-to-month,Credit card,1756.65,Yes
2397,Female,0,32,31.81,Two year,Net Banking,1017.92,No
2398,Female,0,51,105.32,One year,UPI,5371.32,No
2399,Female,0,6,104.61,One year,Net Banking,627.66,Yes
2400,Female,0,9,37.53,Month-to-month,Debit card,337.77,Yes
2401,Female,1,40,26.21,Two year,UPI,1048.4,No
2402,Male,0,48,91.19,One year,Net Banking,4377.12,No
2403,Male,0,26,92.26,Month-to-month,Net Banking,2398.76,Yes
2404,Male,0,37,37.71,Month-to-month,Debit card,1395.27,Yes
2405,Male,0,52,86.82,Month-to-month,Debit card,4514.64,Yes
2406,Male,0,12,47.89,Month-to-month,Debit card,574.68,Yes
2407,Female,0,38,46.06,One year,Debit card,1750.28,Yes
2408,Male,0,68,52.45,Month-to-month,Debit card,3566.6,No
2409,Male,1,16,72.04,Two year,Credit card,1152.64,No
2410,Female,0,61,100.45,One year,Net Banking,6127.45,No
2411,Male,0,24,69.86,Month-to-month,Debit card,1676.64,No
2412,Male,0,17,49.8,Month-to-month,Net Banking,846.6,Yes
2413,Female,1,4,108.4,Month-to-month,Credit card,433.6,Yes
2414,Female,1,50,25.51,Month-to-month,UPI,1275.5,No
2415,Female,0,3,99.71,Month-to-month,Net Banking,299.13,Yes
2416,Male,0,8,98.44,Month-to-month,Net Banking,787.52,Yes
2417,Male,0,12,45.35,Two year,Net Banking,544.2,No
2418,Male,0,35,39.83,Two year,UPI,1394.05,No
2419,Female,0,66,107.47,One year,Credit card,7093.02,Yes
2420,Male,0,53,75.89,One year,Net Banking,4022.17,Yes
2421,Male,1,33,24.6,Two year,Credit card,811.8,No
2422,Male,0,18,109.08,Month-to-month,Net Banking,1963.44,Yes
2423,Male,1,58,54.9,Month-to-month,Net Banking,3184.2,No
2424,Female,0,45,54.22,One year,Net Banking,2439.9,No
2425,Female,0,15,84.33,Two year,UPI,1264.95,No
2426,Female,0,15,86.13,Month-to-month,Credit card,1291.95,Yes
2427,Female,0,45,55.33,Month-to-month,Credit card,2489.85,No
2428,Male,0,68,34.33,Month-to-month,Debit card,2334.44,Yes
2429,Female,0,69,75.23,Month-to-month,Net Banking,5190.87,No
2430,Male,0,67,82.52,Month-to-month,UPI,5528.84,Yes
2431,Female,0,62,106.02,Month-to-month,Net Banking,6573.24,Yes
2432,Female,0,44,68.44,Two year,Credit card,3011.36,No
2433,Male,1,20,84.57,Two year,Credit card,1691.4,No
2434,Male,1,39,25.44,Two year,Net Banking,992.16,No
2435,Female,0,39,109.45,Month-to-month,Credit card,4268.55,Yes
2436,Male,1,1,52.72,Month-to-month,Net Banking,52.72,Yes
2437,Female,0,67,83.22,Month-to-month,Net Banking,5575.74,Yes
2438,Male,0,47,111.61,Two year,Debit card,5245.67,No
2439,Female,1,54,101.05,Month-to-month,UPI,5456.7,Yes
2440,Female,0,20,83.77,Month-to-month,UPI,1675.4,Yes
2441,Female,0,9,90.36,Month-to-month,Credit card,813.24,Yes
2442,Female,0,28,112.09,Month-to-month,Credit card,3138.52,Yes
2443,Male,0,64,101.21,Month-to-month,Debit card,6477.44,Yes
2444,Male,0,35,80.99,One year,Credit card,2834.65,No
2445,Female,0,40,85.87,Month-to-month,Credit card,3434.8,Yes
2446,Female,0,2,34.73,Month-to-month,Net Banking,69.46,Yes
2447,Female,0,3,67.02,Month-to-month,Debit card,201.06,Yes
2448,Male,0,14,50.1,One year,Net Banking,701.4,No
2449,Female,1,68,63.2,Month-to-month,Net Banking,4297.6,Yes
2450,Male,0,47,86.22,Two year,Credit card,4052.34,No
2451,Male,0,54,34.92,Month-to-month,Net Banking,1885.68,No
2452,Female,1,58,21.74,Month-to-month,UPI,1260.92,No
2453,Male,1,62,59.69,Month-to-month,UPI,3700.78,No
2454,Female,0,51,52.22,Month-to-month,UPI,2663.22,No
2455,Female,0,48,62.04,One year,Debit card,2977.92,No
2456,Male,0,27,113.12,Two year,Debit card,3054.24,No
2457,Male,0,55,90.71,One year,UPI,4989.05,No
2458,Female,0,49,52.75,Month-to-month,UPI,2584.75,No
2459,Male,0,24,37.93,Month-to-month,Net Banking,910.32,Yes
2460,Male,0,10,81.85,Two year,Debit card,818.5,Yes
2461,Male,0,7,85.76,Month-to-month,Credit card,600.32,Yes
2462,Female,0,17,68.36,One year,Credit card,1162.12,Yes
2463,Female,1,22,41.28,Two year,Debit card,908.16,No
2464,Male,0,59,22.86,Month-to-month,Net Banking,1348.74,No
2465,Female,0,44,46.57,Month-to-month,UPI,2049.08,No
2466,Female,0,11,65.72,One year,Net Banking,722.92,Yes
2467,Male,0,42,98.79,Month-to-month,Net Banking,4149.18,Yes
2468,Male,0,23,105.38,Month-to-month,Debit card,2423.74,Yes
2469,Male,0,60,61.29,Month-to-month,UPI,3677.4,No
2470,Female,0,62,99.61,Month-to-month,Debit card,6175.82,Yes
2471,Female,1,54,119.34,One year,Debit card,6444.36,No
2472,Male,0,13,91.66,Month-to-month,Net Banking,1191.58,Yes
2473,Female,0,68,92.86,One year,Debit card,6314.48,No
2474,Female,0,27,110.95,Two year,Debit card,2995.65,No
2475,Female,0,40,53.81,Month-to-month,Debit card,2152.4,Yes
2476,Male,0,10,21.12,One year,Debit card,211.2,Yes
2477,Female,0,15,118.7,Month-to-month,Net Banking,1780.5,Yes
2478,Female,1,45,69.05,One year,UPI,3107.25,No
2479,Male,0,53,98.57,Two year,UPI,5224.21,No
2480,Female,0,7,101.25,Month-to-month,Net Banking,708.75,Yes
2481,Female,0,30,59.75,One year,Credit card,1792.5,Yes
2482,Male,1,30,74.13,Month-to-month,Debit card,2223.9,Yes
2483,Female,0,27,73.99,One year,Net Banking,1997.73,Yes
2484,Male,0,49,42.02,One year,Credit card,2058.98,No
2485,Female,1,57,31.76,One year,Credit card,1810.32,No
2486,Female,1,64,74.36,Month-to-month,Debit card,4759.04,Yes
2487,Male,0,63,32.01,One year,Net Banking,2016.63,No
2488,Male,0,48,54.61,One year,Debit card,2621.28,No
2489,Male,0,41,38.61,Month-to-month,Credit card,1583.01,No
2490,Female,0,30,90.69,Month-to-month,Credit card,2720.7,Yes
2491,Female,0,3,107.2,Month-to-month,Debit card,321.6,Yes
2492,Male,0,37,77.79,Month-to-month,Debit card,2878.23,No
2493,Male,1,30,61.02,Month-to-month,Debit card,1830.6,Yes
2494,Male,0,54,119.66,Month-to-month,UPI,6461.64,Yes
2495,Female,0,7,22.12,One year,Net Banking,154.84,Yes
2496,Female,1,8,50.43,Two year,Net Banking,403.44,Yes
2497,Male,1,63,47.87,One year,Net Banking,3015.81,Yes
2498,Female,0,63,55.62,One year,Credit card,3504.06,Yes
2499,Female,0,64,43.06,Month-to-month,Net Banking,2755.84,No
2500,Female,0,30,46.43,Month-to-month,Net Banking,1392.9,No
2501,Male,0,10,45.77,Two year,Credit card,457.7,Yes
2502,Female,0,69,70.57,One year,Credit card,4869.33,Yes
2503,Male,0,49,59.11,Month-to-month,UPI,2896.39,No
2504,Male,0,39,83.93,Month-to-month,Credit card,3273.27,Yes
2505,Male,0,34,71.44,Month-to-month,Debit card,2428.96,No
2506,Male,0,10,38.34,Month-to-month,UPI,383.4,Yes
2507,Male,0,9,101.0,Month-to-month,Credit card,909.0,Yes
2508,Male,0,60,67.22,Two year,Net Banking,4033.2,No
2509,Female,0,5,35.32,One year,UPI,176.6,Yes
2510,Male,0,35,36.69,Month-to-month,UPI,1284.15,No
2511,Female,0,11,99.7,Month-to-month,Net Banking,1096.7,Yes
2512,Female,1,42,90.3,One year,Net Banking,3792.6,No
2513,Female,0,20,70.65,Month-to-month,Net Banking,1413.0,No
2514,Female,0,51,50.61,One year,Debit card,2581.11,No
2515,Male,0,1,66.05,Month-to-month,UPI,66.05,Yes
2516,Female,0,11,83.65,Month-to-month,Debit card,920.15,Yes
2517,Male,0,61,107.93,Month-to-month,Debit card,6583.73,Yes
2518,Male,0,39,75.59,Two year,Net Banking,2948.01,No
2519,Female,1,48,47.67,Month-to-month,Credit card,2288.16,No
2520,Male,1,28,24.27,Month-to-month,Debit card,679.56,Yes
2521,Female,0,36,37.55,Month-to-month,Credit card,1351.8,No
2522,Male,0,70,85.02,One year,Credit card,5951.4,Yes
2523,Male,0,62,36.04,One year,Net Banking,2234.48,No
2524,Male,0,70,68.15,Month-to-month,Credit card,4770.5,No
2525,Female,1,10,89.9,Month-to-month,Debit card,899.0,Yes
2526,Female,0,5,50.82,One year,Credit card,254.1,Yes
2527,Male,0,28,86.91,One year,Debit card,2433.48,Yes
2528,Male,0,59,78.11,One year,Net Banking,4608.49,Yes
2529,Female,0,9,63.89,One year,Debit card,575.01,Yes
2530,Male,1,39,109.72,One year,Credit card,4279.08,Yes
2531,Female,0,62,89.21,Month-to-month,Debit card,5531.02,Yes
2532,Female,0,38,56.06,Month-to-month,Credit card,2130.28,No
2533,Female,0,24,100.43,One year,Credit card,2410.32,No
2534,Female,0,64,93.81,Month-to-month,Net Banking,6003.84,Yes
2535,Male,0,43,99.17,Month-to-month,Credit card,4264.31,Yes
2536,Female,0,16,84.1,One year,UPI,1345.6,No
2537,Female,0,66,57.94,Month-to-month,Debit card,3824.04,Yes
2538,Female,0,66,54.86,One year,UPI,3620.76,Yes
2539,Female,0,69,85.42,Month-to-month,UPI,5893.98,Yes
2540,Male,0,46,33.09,Month-to-month,Debit card,1522.14,No
2541,Female,0,21,101.99,Month-to-month,Net Banking,2141.79,Yes
2542,Male,0,60,57.03,Two year,Debit card,3421.8,No
2543,Female,1,10,83.04,Two year,Net Banking,830.4,Yes
2544,Female,0,18,69.91,Month-to-month,Credit card,1258.38,Yes
2545,Male,0,41,71.93,Month-to-month,UPI,2949.13,Yes
2546,Female,1,36,93.8,Month-to-month,Debit card,3376.8,Yes
2547,Male,0,66,82.67,Month-to-month,Credit card,5456.22,Yes
2548,Female,0,46,45.03,Month-to-month,Debit card,2071.38,No
2549,Male,1,23,27.42,Month-to-month,Debit card,630.66,No
2550,Male,0,39,104.02,One year,Credit card,4056.78,No
2551,Male,1,4,108.49,One year,Debit card,433.96,Yes
2552,Male,0,41,36.45,Month-to-month,Credit card,1494.45,Yes
2553,Male,0,3,50.95,One year,UPI,152.85,Yes
2554,Female,0,53,48.23,Month-to-month,Credit card,2556.19,Yes
2555,Male,0,36,113.74,Month-to-month,Debit card,4094.64,Yes
2556,Male,0,49,40.48,One year,UPI,1983.52,No
2557,Female,1,27,36.65,Month-to-month,UPI,989.55,No
2558,Male,1,53,38.18,Month-to-month,Credit card,2023.54,No
2559,Female,0,49,92.99,Month-to-month,Net Banking,4556.51,Yes
2560,Female,1,1,108.8,Two year,Credit card,108.8,Yes
2561,Male,0,46,59.34,One year,Net Banking,2729.64,No
2562,Male,0,62,33.61,Month-to-month,Credit card,2083.82,Yes
2563,Male,0,66,78.57,One year,UPI,5185.62,Yes
2564,Male,0,22,40.99,Month-to-month,Credit card,901.78,No
2565,Male,0,39,26.42,Two year,Net Banking,1030.38,No
2566,Male,0,44,108.62,One year,Debit card,4779.28,No
2567,Female,0,2,107.08,Month-to-month,Net Banking,214.16,Yes
2568,Female,0,59,117.59,One year,UPI,6937.81,No
2569,Female,1,28,67.4,One year,Credit card,1887.2,No
2570,Female,0,67,49.4,Two year,UPI,3309.8,No
2571,Male,0,14,96.98,One year,Debit card,1357.72,No
2572,Male,0,16,38.05,Month-to-month,Debit card,608.8,Yes
2573,Female,0,51,44.33,Month-to-month,Debit card,2260.83,No
2574,Male,1,28,45.57,Month-to-month,Credit card,1275.96,No
2575,Male,0,53,115.16,Month-to-month,Net Banking,6103.48,Yes
2576,Female,0,52,92.98,Month-to-month,Credit card,4834.96,Yes
2577,Female,0,25,33.37,Month-to-month,UPI,834.25,Yes
2578,Female,0,57,29.28,Month-to-month,Credit card,1668.96,Yes
2579,Female,0,9,104.28,One year,UPI,938.52,Yes
2580,Male,0,11,100.23,One year,Credit card,1102.53,Yes
2581,Female,1,45,87.1,Month-to-month,Net Banking,3919.5,Yes
2582,Male,0,2,39.61,Month-to-month,Debit card,79.22,Yes
2583,Female,0,54,68.03,Month-to-month,Credit card,3673.62,No
2584,Female,0,34,80.27,Two year,Net Banking,2729.18,No
2585,Female,0,42,113.21,Month-to-month,Credit card,4754.82,Yes
2586,Male,0,69,36.94,Two year,Credit card,2548.86,No
2587,Male,0,11,71.54,Two year,Debit card,786.94,Yes
2588,Male,0,29,35.78,Two year,UPI,1037.62,No
2589,Male,0,5,64.38,Month-to-month,Net Banking,321.9,Yes
2590,Female,0,20,40.01,Month-to-month,Credit card,800.2,No
2591,Female,0,39,103.62,Two year,Debit card,4041.18,No
2592,Female,1,32,45.47,Month-to-month,Credit card,1455.04,No
2593,Female,0,29,61.71,Month-to-month,Credit card,1789.59,No
2594,Male,0,66,60.78,Month-to-month,Debit card,4011.48,No
2595,Female,0,1,106.63,Month-to-month,Credit card,106.63,Yes
2596,Female,0,1,95.78,Two year,Credit card,95.78,Yes
2597,Female,0,4,25.76,Month-to-month,Net Banking,103.04,Yes
2598,Male,0,15,26.71,One year,Net Banking,400.65,No
2599,Male,0,47,75.12,One year,Net Banking,3530.64,No
2600,Male,0,30,62.77,Month-to-month,Credit card,1883.1,Yes
2601,Female,1,6,47.56,One year,Credit card,285.36,Yes
2602,Male,0,1,99.26,Two year,Net Banking,99.26,Yes
2603,Male,0,71,32.86,Two year,Credit card,2333.06,No
2604,Female,1,62,117.41,One year,Debit card,7279.42,Yes
2605,Male,1,64,22.41,Month-to-month,Debit card,1434.24,No
2606,Female,0,5,31.82,Month-to-month,Credit card,159.1,Yes
2607,Female,1,54,51.13,Month-to-month,Credit card,2761.02,No
2608,Male,0,49,70.91,Month-to-month,UPI,3474.59,No
2609,Female,0,7,41.61,Month-to-month,Debit card,291.27,Yes
2610,Female,1,3,93.62,Month-to-month,Credit card,280.86,Yes
2611,Female,1,61,55.75,Month-to-month,UPI,3400.75,No
2612,Female,0,41,23.85,Month-to-month,Debit card,977.85,No
2613,Male,0,21,107.77,Month-to-month,UPI,2263.17,Yes
2614,Female,0,32,114.39,Month-to-month,Net Banking,3660.48,Yes
2615,Male,0,12,81.86,One year,UPI,982.32,Yes
2616,Female,0,7,100.65,Month-to-month,Net Banking,704.55,Yes
2617,Female,0,51,32.11,One year,Credit card,1637.61,No
2618,Female,0,45,46.88,Two year,Credit card,2109.6,No
2619,Female,0,65,52.52,Month-to-month,Debit card,3413.8,Yes
2620,Female,1,60,116.08,Two year,UPI,6964.8,No
2621,Female,0,45,71.22,One year,UPI,3204.9,No
2622,Female,0,34,20.74,Month-to-month,Credit card,705.16,Yes
2623,Male,1,11,58.02,Month-to-month,Debit card,638.22,Yes
2624,Male,0,33,20.78,Two year,Credit card,685.74,No
2625,Male,1,8,43.78,Month-to-month,Debit card,350.24,Yes
2626,Female,0,45,65.47,Month-to-month,UPI,2946.15,Yes
2627,Male,0,34,52.34,Two year,Net Banking,1779.56,No
2628,Female,0,45,23.27,One year,Debit card,1047.15,No
2629,Male,0,65,31.63,One year,UPI,2055.95,Yes
2630,Male,0,52,75.09,Two year,Debit card,3904.68,No
2631,Female,0,10,89.56,One year,Net Banking,895.6,Yes
2632,Female,0,43,60.45,Month-to-month,Net Banking,2599.35,No
2633,Female,0,70,93.15,Month-to-month,Credit card,6520.5,Yes
2634,Female,0,11,36.33,One year,Net Banking,399.63,Yes
2635,Female,0,36,32.21,Month-to-month,Net Banking,1159.56,No
2636,Male,0,18,103.95,Month-to-month,Credit card,1871.1,Yes
2637,Female,0,63,53.92,Month-to-month,Net Banking,3396.96,No
2638,Female,0,5,63.22,Month-to-month,Credit card,316.1,Yes
2639,Female,0,31,114.76,Month-to-month,Debit card,3557.56,Yes
2640,Male,0,16,62.41,One year,UPI,998.56,Yes
2641,Female,0,66,20.35,One year,Credit card,1343.1,Yes
2642,Male,0,9,113.8,Month-to-month,Debit card,1024.2,Yes
2643,Male,0,2,21.41,One year,Net Banking,42.82,Yes
2644,Male,0,37,86.23,One year,Debit card,3190.51,No
2645,Male,0,59,52.29,Month-to-month,Credit card,3085.11,Yes
2646,Female,0,58,67.04,Month-to-month,Credit card,3888.32,No
2647,Female,0,8,74.73,Month-to-month,Credit card,597.84,Yes
2648,Female,1,52,60.85,One year,Credit card,3164.2,Yes
2649,Female,0,69,97.44,Month-to-month,Debit card,6723.36,Yes
2650,Male,0,52,113.07,Month-to-month,UPI,5879.64,Yes
2651,Male,1,34,28.64,Month-to-month,UPI,973.76,No
2652,Female,0,48,100.03,Two year,Debit card,4801.44,No
2653,Female,0,24,32.87,One year,UPI,788.88,Yes
2654,Female,0,13,28.03,Month-to-month,Net Banking,364.39,No
2655,Male,0,50,115.58,Two year,Debit card,5779.0,No
2656,Male,0,65,68.93,Month-to-month,Debit card,4480.45,No
2657,Male,0,71,35.26,One year,Debit card,2503.46,No
2658,Female,0,4,77.0,Month-to-month,UPI,308.0,Yes
2659,Male,0,64,46.32,Month-to-month,Debit card,2964.48,No
2660,Male,1,39,66.43,One year,Debit card,2590.77,Yes
2661,Male,0,63,82.47,One year,Credit card,5195.61,No
2662,Female,0,58,106.93,Month-to-month,Credit card,6201.94,Yes
2663,Male,0,16,20.31,Month-to-month,UPI,324.96,No
2664,Female,0,62,41.41,Month-to-month,Credit card,2567.42,Yes
2665,Female,0,10,29.63,One year,Net Banking,296.3,Yes
2666,Female,0,62,29.71,Month-to-month,Credit card,1842.02,Yes
2667,Male,0,33,114.58,One year,Credit card,3781.14,Yes
2668,Female,0,71,113.61,Two year,Debit card,8066.31,No
2669,Male,0,42,94.93,Month-to-month,Net Banking,3987.06,Yes
2670,Male,0,44,84.31,Two year,Net Banking,3709.64,No
2671,Female,1,46,104.8,Month-to-month,Credit card,4820.8,Yes
2672,Female,0,31,25.84,One year,UPI,801.04,Yes
2673,Female,0,5,31.95,One year,Debit card,159.75,Yes
2674,Male,0,18,51.71,Month-to-month,UPI,930.78,No
2675,Female,0,6,103.25,Month-to-month,UPI,619.5,Yes
2676,Male,0,50,67.22,Two year,UPI,3361.0,No
2677,Female,1,28,70.36,Month-to-month,Net Banking,1970.08,No
2678,Male,0,24,42.93,Month-to-month,UPI,1030.32,Yes
2679,Female,0,69,84.84,Month-to-month,UPI,5853.96,Yes
2680,Female,0,28,108.78,Month-to-month,Net Banking,3045.84,Yes
2681,Male,0,58,52.95,Month-to-month,Credit card,3071.1,No
2682,Female,0,67,81.92,Month-to-month,Net Banking,5488.64,Yes
2683,Female,0,18,53.19,Month-to-month,Net Banking,957.42,No
2684,Female,0,4,99.27,One year,Credit card,397.08,Yes
2685,Female,0,49,67.5,Month-to-month,UPI,3307.5,Yes
2686,Male,0,32,53.95,Month-to-month,UPI,1726.4,Yes
2687,Male,1,66,62.0,Month-to-month,Credit card,4092.0,Yes
2688,Male,0,58,29.12,Month-to-month,UPI,1688.96,No
2689,Male,0,11,106.61,Month-to-month,Credit card,1172.71,Yes
2690,Male,0,65,115.81,Month-to-month,Net Banking,7527.65,Yes
2691,Female,0,17,67.74,Month-to-month,UPI,1151.58,No
2692,Male,0,66,42.13,Month-to-month,UPI,2780.58,No
2693,Female,0,4,86.47,One year,Debit card,345.88,Yes
2694,Male,1,32,65.24,Two year,UPI,2087.68,No
2695,Female,0,71,45.23,Month-to-month,Debit card,3211.33,No
2696,Male,0,29,23.84,One year,UPI,691.36,No
2697,Female,1,61,108.97,Month-to-month,Debit card,6647.17,Yes
2698,Male,0,60,99.67,One year,Credit card,5980.2,No
2699,Female,0,58,102.9,One year,UPI,5968.2,No
2700,Female,0,53,63.98,One year,Credit card,3390.94,No
2701,Female,0,5,95.33,Two year,Debit card,476.65,Yes
2702,Female,0,61,78.12,Month-to-month,Debit card,4765.32,No
2703,Female,0,21,57.48,Month-to-month,Debit card,1207.08,No
2704,Male,0,58,104.27,Month-to-month,Debit card,6047.66,Yes
2705,Female,0,14,119.88,One year,Net Banking,1678.32,No
2706,Female,0,54,109.93,One year,Credit card,5936.22,No
2707,Female,1,41,97.62,Month-to-month,Debit card,4002.42,Yes
2708,Male,0,16,94.75,Month-to-month,UPI,1516.0,Yes
2709,Female,0,51,85.02,One year,Debit card,4336.02,No
2710,Female,0,1,105.36,Month-to-month,Credit card,105.36,Yes
2711,Male,0,40,69.31,Month-to-month,Net Banking,2772.4,No
2712,Male,1,18,38.17,Month-to-month,Credit card,687.06,No
2713,Female,0,34,96.8,Month-to-month,UPI,3291.2,Yes
2714,Female,0,61,111.95,Month-to-month,Net Banking,6828.95,Yes
2715,Male,0,21,54.14,Month-to-month,Credit card,1136.94,No
2716,Female,1,1,98.3,Month-to-month,Debit card,98.3,Yes
2717,Female,1,27,47.37,Two year,UPI,1278.99,No
2718,Female,1,51,114.26,Month-to-month,UPI,5827.26,Yes
2719,Male,0,11,88.35,One year,Net Banking,971.85,Yes
2720,Female,0,14,76.93,One year,Credit card,1077.02,Yes
2721,Female,0,55,97.99,Two year,UPI,5389.45,No
2722,Male,0,27,101.32,One year,Net Banking,2735.64,No
2723,Male,0,22,109.24,One year,Debit card,2403.28,No
2724,Male,0,21,110.11,One year,Debit card,2312.31,No
2725,Female,0,24,25.27,Month-to-month,Net Banking,606.48,No
2726,Female,0,19,32.29,Month-to-month,Credit card,613.51,No
2727,Male,1,24,102.61,Month-to-month,Debit card,2462.64,Yes
2728,Female,0,26,114.61,Month-to-month,Debit card,2979.86,Yes
2729,Male,0,25,50.77,Month-to-month,Net Banking,1269.25,No
2730,Female,0,45,20.86,Month-to-month,Credit card,938.7,No
2731,Female,0,29,52.27,Month-to-month,Debit card,1515.83,Yes
2732,Female,0,11,58.29,One year,Credit card,641.19,Yes
2733,Female,1,24,96.1,Two year,Net Banking,2306.4,No
2734,Female,0,24,24.76,Month-to-month,Credit card,594.24,No
2735,Female,1,12,41.26,Month-to-month,Credit card,495.12,Yes
2736,Male,1,7,109.4,Two year,UPI,765.8,Yes
2737,Female,0,40,35.48,One year,Debit card,1419.2,No
2738,Male,1,70,95.92,Two year,Debit card,6714.4,No
2739,Female,1,23,56.13,Month-to-month,Debit card,1290.99,No
2740,Male,1,71,86.27,One year,Credit card,6125.17,No
2741,Male,1,38,27.38,One year,Net Banking,1040.44,No
2742,Female,1,31,48.66,Month-to-month,Credit card,1508.46,No
2743,Female,0,29,62.48,Month-to-month,Debit card,1811.92,Yes
2744,Female,0,44,105.72,Month-to-month,Debit card,4651.68,Yes
2745,Male,1,28,76.35,Month-to-month,Debit card,2137.8,No
2746,Female,0,68,24.52,Two year,Debit card,1667.36,No
2747,Female,0,21,100.19,Month-to-month,Net Banking,2103.99,Yes
2748,Female,0,9,25.45,One year,UPI,229.05,Yes
2749,Female,0,49,113.44,One year,Credit card,5558.56,No
2750,Male,0,37,41.17,Month-to-month,Net Banking,1523.29,No
2751,Female,0,21,68.79,One year,UPI,1444.59,Yes
2752,Male,0,60,27.23,Month-to-month,Debit card,1633.8,Yes
2753,Male,0,23,76.17,Month-to-month,Net Banking,1751.91,No
2754,Female,0,10,69.72,Two year,Net Banking,697.2,Yes
2755,Female,0,70,61.02,Month-to-month,Net Banking,4271.4,No
2756,Male,0,21,23.56,Month-to-month,Credit card,494.76,No
2757,Female,0,29,107.89,One year,UPI,3128.81,Yes
2758,Male,0,59,100.26,One year,UPI,5915.34,No
2759,Male,0,40,83.3,One year,Credit card,3332.0,No
2760,Female,0,21,77.22,Two year,UPI,1621.62,No
2761,Female,0,63,89.49,Month-to-month,Debit card,5637.87,Yes
2762,Female,0,46,34.4,One year,Net Banking,1582.4,Yes
2763,Male,0,5,113.26,Two year,UPI,566.3,Yes
2764,Male,1,15,48.47,Month-to-month,UPI,727.05,No
2765,Female,1,40,85.65,Month-to-month,Net Banking,3426.0,Yes
2766,Female,0,4,80.68,Month-to-month,Debit card,322.72,Yes
2767,Male,0,24,83.66,Month-to-month,Debit card,2007.84,Yes
2768,Male,0,42,107.9,Month-to-month,UPI,4531.8,Yes
2769,Female,0,26,49.59,One year,Debit card,1289.34,No
2770,Male,0,66,94.89,Two year,Credit card,6262.74,No
2771,Female,0,8,79.84,One year,Net Banking,638.72,Yes
2772,Male,0,66,27.61,Two year,Net Banking,1822.26,No
2773,Female,0,20,61.42,Month-to-month,Credit card,1228.4,No
2774,Female,1,66,103.8,Month-to-month,Debit card,6850.8,Yes
2775,Male,0,68,51.53,Two year,Debit card,3504.04,No
2776,Male,0,55,68.23,Two year,Net Banking,3752.65,No
2777,Female,1,39,68.86,Month-to-month,Credit card,2685.54,No
2778,Female,0,50,81.8,One year,Credit card,4090.0,No
2779,Female,1,20,108.4,Month-to-month,Net Banking,2168.0,Yes
2780,Female,0,70,37.35,Month-to-month,UPI,2614.5,Yes
2781,Male,0,28,70.46,Two year,Net Banking,1972.88,No
2782,Female,0,43,62.43,One year,UPI,2684.49,Yes
2783,Male,0,66,49.59,Month-to-month,UPI,3272.94,Yes
2784,Male,0,28,111.96,Month-to-month,UPI,3134.88,Yes
2785,Female,0,23,20.82,Month-to-month,Net Banking,478.86,No
2786,Male,0,35,32.21,One year,Credit card,1127.35,Yes
2787,Male,0,22,93.33,Month-to-month,Credit card,2053.26,Yes
2788,Female,0,5,46.34,Two year,Credit card,231.7,Yes
2789,Female,0,60,92.32,One year,Net Banking,5539.2,No
2790,Female,0,41,103.23,Month-to-month,Net Banking,4232.43,Yes
2791,Female,1,29,45.46,One year,Debit card,1318.34,No
2792,Female,0,35,39.19,Month-to-month,Net Banking,1371.65,No
2793,Male,1,68,34.53,Month-to-month,Credit card,2348.04,No
2794,Female,0,45,40.01,Month-to-month,Debit card,1800.45,Yes
2795,Female,0,9,46.72,Two year,Net Banking,420.48,Yes
2796,Male,0,51,106.87,Month-to-month,Net Banking,5450.37,Yes
2797,Female,1,14,97.0,One year,Net Banking,1358.0,Yes
2798,Female,0,69,20.18,Month-to-month,Debit card,1392.42,No
2799,Female,1,56,107.41,Month-to-month,Debit card,6014.96,Yes
2800,Male,0,11,27.88,One year,UPI,306.68,Yes
2801,Female,1,30,85.53,One year,Debit card,2565.9,No
2802,Female,0,39,35.15,Month-to-month,Credit card,1370.85,Yes
2803,Female,0,24,26.23,Month-to-month,Credit card,629.52,Yes
2804,Female,0,58,95.98,Month-to-month,Net Banking,5566.84,Yes
2805,Female,0,30,66.72,Month-to-month,Credit card,2001.6,No
2806,Male,0,24,79.91,One year,Credit card,1917.84,No
2807,Female,0,67,62.54,Month-to-month,Credit card,4190.18,Yes
2808,Female,0,29,26.72,One year,Credit card,774.88,No
2809,Female,0,42,93.96,One year,Debit card,3946.32,No
2810,Female,1,62,102.04,Month-to-month,Credit card,6326.48,Yes
2811,Female,0,27,24.14,Month-to-month,Net Banking,651.78,No
2812,Male,0,29,57.57,Month-to-month,Debit card,1669.53,Yes
2813,Male,0,66,75.73,Month-to-month,UPI,4998.18,No
2814,Female,0,57,80.52,One year,Credit card,4589.64,Yes
2815,Female,1,61,77.82,Month-to-month,UPI,4747.02,No
2816,Male,0,29,89.29,One year,UPI,2589.41,Yes
2817,Male,0,57,116.68,Month-to-month,Net Banking,6650.76,Yes
2818,Male,1,55,59.06,Month-to-month,UPI,3248.3,No
2819,Female,1,44,75.66,Month-to-month,Credit card,3329.04,Yes
2820,Male,0,28,89.91,One year,Net Banking,2517.48,Yes
2821,Female,0,37,79.24,Month-to-month,Net Banking,2931.88,No
2822,Female,0,23,58.68,One year,Debit card,1349.64,Yes
2823,Male,0,69,82.41,Month-to-month,Net Banking,5686.29,Yes
2824,Female,0,58,85.01,Month-to-month,UPI,4930.58,Yes
2825,Female,0,32,78.5,Month-to-month,Credit card,2512.0,No
2826,Male,0,69,40.51,Month-to-month,Debit card,2795.19,No
2827,Female,0,36,70.6,One year,UPI,2541.6,No
2828,Male,1,32,108.44,Month-to-month,Net Banking,3470.08,Yes
2829,Male,0,59,106.86,Month-to-month,Credit card,6304.74,Yes
2830,Male,1,60,95.08,One year,Net Banking,5704.8,No
2831,Female,1,27,89.72,Month-to-month,Debit card,2422.44,Yes
2832,Male,0,24,35.33,Month-to-month,Debit card,847.92,No
2833,Male,1,67,65.95,One year,Credit card,4418.65,No
2834,Female,0,36,31.1,Month-to-month,UPI,1119.6,No
2835,Male,0,14,101.73,Two year,Credit card,1424.22,No
2836,Female,0,68,49.1,Month-to-month,UPI,3338.8,No
2837,Female,0,44,96.69,Month-to-month,Credit card,4254.36,Yes
2838,Male,0,48,101.46,Two year,Debit card,4870.08,No
2839,Male,0,32,109.25,One year,Debit card,3496.0,No
2840,Female,0,17,95.38,Month-to-month,Net Banking,1621.46,Yes
2841,Male,0,57,76.47,Month-to-month,Debit card,4358.79,No
2842,Female,1,39,79.82,Month-to-month,Net Banking,3112.98,No
2843,Male,1,32,52.06,Month-to-month,Debit card,1665.92,Yes
2844,Female,0,68,37.7,One year,Debit card,2563.6,No
2845,Male,0,2,33.06,Month-to-month,Net Banking,66.12,Yes
2846,Male,0,42,38.2,Month-to-month,Credit card,1604.4,No
2847,Female,0,38,113.4,Month-to-month,Credit card,4309.2,Yes
2848,Male,1,55,36.44,Month-to-month,Credit card,2004.2,No
2849,Male,1,55,92.37,Month-to-month,UPI,5080.35,Yes
2850,Female,0,34,38.46,Month-to-month,UPI,1307.64,No
2851,Female,0,46,117.53,One year,Debit card,5406.38,Yes
2852,Female,0,43,56.66,Month-to-month,Debit card,2436.38,No
2853,Male,0,2,61.21,Month-to-month,Debit card,122.42,Yes
2854,Male,1,36,60.45,Two year,Net Banking,2176.2,No
2855,Female,0,70,101.65,One year,UPI,7115.5,No
2856,Female,0,36,41.83,Month-to-month,UPI,1505.88,No
2857,Male,0,22,103.1,Two year,Credit card,2268.2,No
2858,Female,0,69,85.71,Two year,UPI,5913.99,No
2859,Female,0,38,42.03,Month-to-month,Net Banking,1597.14,Yes
2860,Female,0,54,26.54,One year,Net Banking,1433.16,No
2861,Male,0,22,97.5,Month-to-month,Net Banking,2145.0,Yes
2862,Male,1,31,41.9,Month-to-month,Net Banking,1298.9,No
2863,Female,0,53,108.91,Month-to-month,Debit card,5772.23,Yes
2864,Male,0,59,32.98,Month-to-month,Net Banking,1945.82,No
2865,Male,0,49,81.64,Month-to-month,Credit card,4000.36,Yes
2866,Female,0,27,89.22,One year,Net Banking,2408.94,No
2867,Male,0,57,85.77,Month-to-month,UPI,4888.89,Yes
2868,Female,0,6,51.6,Two year,Net Banking,309.6,Yes
2869,Male,0,46,107.55,One year,Credit card,4947.3,Yes
2870,Female,1,25,96.98,One year,UPI,2424.5,No
2871,Female,0,9,71.02,Month-to-month,UPI,639.18,Yes
2872,Female,0,64,80.33,One year,UPI,5141.12,No
2873,Male,0,31,76.64,Month-to-month,Debit card,2375.84,No
2874,Female,0,19,114.67,One year,UPI,2178.73,Yes
2875,Male,0,65,109.64,Month-to-month,Debit card,7126.6,Yes
2876,Female,0,17,43.55,One year,Net Banking,740.35,Yes
2877,Male,0,34,46.28,Month-to-month,Credit card,1573.52,No
2878,Female,0,36,118.14,One year,UPI,4253.04,No
2879,Female,1,13,43.66,One year,Net Banking,567.58,No
2880,Male,0,59,115.35,One year,Debit card,6805.65,Yes
2881,Female,0,21,84.98,Month-to-month,Debit card,1784.58,Yes
2882,Female,0,65,25.01,Month-to-month,Credit card,1625.65,No
2883,Male,0,6,53.57,Month-to-month,Net Banking,321.42,Yes
2884,Male,0,11,67.62,Month-to-month,Credit card,743.82,Yes
2885,Female,0,22,103.31,Month-to-month,Credit card,2272.82,Yes
2886,Female,1,11,52.86,Month-to-month,UPI,581.46,Yes
2887,Male,0,37,51.06,One year,UPI,1889.22,Yes
2888,Female,1,26,112.03,Month-to-month,Credit card,2912.78,Yes
2889,Female,0,57,27.9,Two year,UPI,1590.3,No
2890,Male,0,26,75.15,Month-to-month,Net Banking,1953.9,Yes
2891,Female,0,21,70.42,One year,Debit card,1478.82,No
2892,Female,0,57,25.73,Month-to-month,Debit card,1466.61,No
2893,Male,0,26,28.78,Two year,UPI,748.28,No
2894,Female,0,15,58.2,Month-to-month,Net Banking,873.0,No
2895,Female,0,63,33.42,Month-to-month,UPI,2105.46,No
2896,Female,1,35,67.81,Month-to-month,Net Banking,2373.35,Yes
2897,Female,0,11,80.89,Month-to-month,Debit card,889.79,Yes
2898,Female,0,68,89.14,Month-to-month,Net Banking,6061.52,Yes
2899,Male,0,50,74.65,One year,Debit card,3732.5,Yes
2900,Female,0,29,57.97,Month-to-month,UPI,1681.13,No
2901,Female,0,64,32.98,One year,Net Banking,2110.72,No
2902,Male,0,41,44.75,One year,UPI,1834.75,No
2903,Female,0,26,61.94,Two year,Credit card,1610.44,No
2904,Female,0,28,112.41,Month-to-month,Credit card,3147.48,Yes
2905,Female,0,48,40.26,Month-to-month,UPI,1932.48,No
2906,Male,0,66,61.33,Month-to-month,Debit card,4047.78,No
2907,Female,0,23,93.23,Month-to-month,Net Banking,2144.29,Yes
2908,Male,0,39,90.52,Month-to-month,UPI,3530.28,Yes
2909,Male,1,69,116.56,Month-to-month,Debit card,8042.64,Yes
2910,Female,0,21,39.09,Month-to-month,Net Banking,820.89,Yes
2911,Male,0,49,21.65,One year,UPI,1060.85,Yes
2912,Male,0,36,52.23,Month-to-month,UPI,1880.28,No
2913,Male,0,37,34.97,Month-to-month,Debit card,1293.89,No
2914,Male,0,42,74.85,Month-to-month,Net Banking,3143.7,No
2915,Female,0,62,109.88,Month-to-month,Net Banking,6812.56,Yes
2916,Female,0,6,88.82,One year,Debit card,532.92,Yes
2917,Female,0,8,33.58,One year,UPI,268.64,Yes
2918,Female,0,69,31.61,Two year,Debit card,2181.09,No
2919,Male,0,40,111.14,One year,Debit card,4445.6,No
2920,Female,0,10,68.76,Month-to-month,UPI,687.6,Yes
2921,Female,0,31,112.37,Month-to-month,Net Banking,3483.47,Yes
2922,Male,0,30,93.62,Two year,Credit card,2808.6,No
2923,Female,0,51,119.33,One year,Credit card,6085.83,No
2924,Male,0,36,107.12,One year,Debit card,3856.32,No
2925,Female,0,61,61.42,One year,Net Banking,3746.62,No
2926,Female,0,27,95.82,Month-to-month,UPI,2587.14,Yes
2927,Female,0,35,67.12,One year,Net Banking,2349.2,No
2928,Male,0,60,43.31,Month-to-month,Debit card,2598.6,Yes
2929,Female,0,32,44.1,Month-to-month,Net Banking,1411.2,No
2930,Female,1,4,59.73,Month-to-month,Net Banking,238.92,Yes
2931,Male,0,27,31.15,Month-to-month,UPI,841.05,No
2932,Female,0,47,37.78,Month-to-month,Credit card,1775.66,No
2933,Female,0,6,70.06,Month-to-month,Net Banking,420.36,Yes
2934,Male,0,26,115.39,Month-to-month,Net Banking,3000.14,Yes
2935,Male,0,24,77.77,Month-to-month,Credit card,1866.48,No
2936,Female,0,71,60.85,Month-to-month,Net Banking,4320.35,Yes
2937,Male,0,44,44.27,One year,Net Banking,1947.88,No
2938,Male,1,14,39.59,One year,Net Banking,554.26,No
2939,Male,0,13,85.84,Month-to-month,Credit card,1115.92,Yes
2940,Female,0,26,104.83,One year,Debit card,2725.58,No
2941,Female,0,43,59.89,Month-to-month,Credit card,2575.27,No
2942,Male,0,43,75.07,Month-to-month,Credit card,3228.01,No
2943,Male,1,66,90.67,Month-to-month,Debit card,5984.22,Yes
2944,Female,1,28,25.83,Month-to-month,UPI,723.24,No
2945,Male,0,1,55.09,One year,Credit card,55.09,Yes
2946,Male,0,12,92.98,Month-to-month,Net Banking,1115.76,Yes
2947,Female,0,50,88.46,Month-to-month,UPI,4423.0,Yes
2948,Female,0,53,25.33,Month-to-month,UPI,1342.49,No
2949,Female,0,60,43.78,Two year,Debit card,2626.8,No
2950,Male,0,55,88.0,Month-to-month,UPI,4840.0,Yes
2951,Male,0,35,47.14,Two year,Net Banking,1649.9,No
2952,Male,0,61,101.44,Two year,UPI,6187.84,No
2953,Female,0,26,22.95,One year,Net Banking,596.7,Yes
2954,Male,0,31,39.03,One year,Debit card,1209.93,No
2955,Female,0,57,48.13,Month-to-month,UPI,2743.41,No
2956,Female,1,12,112.53,Month-to-month,Credit card,1350.36,Yes
2957,Male,0,5,99.63,Two year,Debit card,498.15,Yes
2958,Female,0,7,108.41,Month-to-month,Debit card,758.87,Yes
2959,Male,0,16,64.05,Month-to-month,Net Banking,1024.8,No
2960,Male,1,52,102.26,Month-to-month,Debit card,5317.52,Yes
2961,Female,0,21,105.35,One year,Credit card,2212.35,No
2962,Male,0,27,60.0,Month-to-month,UPI,1620.0,No
2963,Female,0,23,119.45,Month-to-month,UPI,2747.35,Yes
2964,Female,0,25,105.12,One year,UPI,2628.0,Yes
2965,Female,0,11,117.41,Month-to-month,Net Banking,1291.51,Yes
2966,Male,1,63,106.65,Month-to-month,Credit card,6718.95,Yes
2967,Male,1,57,97.62,Month-to-month,Net Banking,5564.34,Yes
2968,Male,0,54,114.38,Month-to-month,UPI,6176.52,Yes
2969,Female,1,10,61.98,Month-to-month,UPI,619.8,Yes
2970,Female,0,50,98.33,Month-to-month,Credit card,4916.5,Yes
2971,Male,0,1,41.29,One year,Net Banking,41.29,Yes
2972,Female,0,70,93.28,One year,Credit card,6529.6,No
2973,Male,0,30,98.54,Month-to-month,UPI,2956.2,Yes
2974,Male,1,55,91.65,Two year,Credit card,5040.75,No
2975,Male,0,6,104.98,Month-to-month,Credit card,629.88,Yes
2976,Male,1,24,61.33,Month-to-month,Net Banking,1471.92,No
2977,Female,0,5,74.48,One year,Net Banking,372.4,Yes
2978,Male,0,7,21.07,Month-to-month,Credit card,147.49,Yes
2979,Female,0,3,34.61,One year,Debit card,103.83,Yes
2980,Female,0,13,84.42,Month-to-month,Debit card,1097.46,Yes
2981,Male,0,54,76.23,Month-to-month,Net Banking,4116.42,No
2982,Male,0,63,39.73,One year,UPI,2502.99,Yes
2983,Female,0,6,44.35,Month-to-month,UPI,266.1,Yes
2984,Male,0,47,54.41,Month-to-month,Net Banking,2557.27,No
2985,Female,0,55,91.64,Month-to-month,Net Banking,5040.2,Yes
2986,Female,0,49,80.97,Month-to-month,Credit card,3967.53,Yes
2987,Female,0,57,26.96,One year,UPI,1536.72,Yes
2988,Female,1,3,95.99,One year,Debit card,287.97,Yes
2989,Male,0,22,46.27,One year,Net Banking,1017.94,No
2990,Male,0,35,87.18,Month-to-month,Net Banking,3051.3,Yes
2991,Male,0,28,32.34,Month-to-month,UPI,905.52,No
2992,Female,1,42,119.79,One year,UPI,5031.18,Yes
2993,Male,1,12,28.03,Month-to-month,Debit card,336.36,No
2994,Female,0,1,94.17,Month-to-month,Net Banking,94.17,Yes
2995,Female,0,23,74.13,One year,Debit card,1704.99,No
2996,Female,0,28,28.59,Month-to-month,Credit card,800.52,No
2997,Male,1,69,22.68,One year,Credit card,1564.92,No
2998,Male,0,36,56.27,Month-to-month,Net Banking,2025.72,No
2999,Female,0,54,100.22,One year,Credit card,5411.88,No
3000,Male,1,47,24.12,Month-to-month,UPI,1133.64,Yes
3001,Female,1,56,90.44,Two year,UPI,5064.64,No
3002,Male,0,10,85.54,Month-to-month,UPI,855.4,Yes
3003,Male,0,5,46.55,Two year,Debit card,232.75,Yes
3004,Male,0,14,27.75,Month-to-month,UPI,388.5,No
3005,Female,1,24,111.53,One year,Debit card,2676.72,No
3006,Male,0,63,50.03,One year,Net Banking,3151.89,Yes
3007,Male,0,28,31.14,Month-to-month,Net Banking,871.92,Yes
3008,Female,0,21,88.15,Month-to-month,UPI,1851.15,Yes
3009,Male,1,20,41.67,Two year,UPI,833.4,No
3010,Female,0,62,67.56,Month-to-month,Net Banking,4188.72,No
3011,Male,0,51,25.04,One year,Debit card,1277.04,No
3012,Female,0,40,119.3,Month-to-month,Debit card,4772.0,Yes
3013,Female,0,65,64.76,One year,Debit card,4209.4,Yes
3014,Male,1,28,119.91,Month-to-month,Credit card,3357.48,Yes
3015,Female,0,54,58.57,One year,Credit card,3162.78,No
3016,Female,0,2,54.79,Month-to-month,UPI,109.58,Yes
3017,Male,0,14,111.46,Month-to-month,UPI,1560.44,Yes
3018,Male,0,14,52.95,Month-to-month,Net Banking,741.3,Yes
3019,Male,0,44,63.2,One year,UPI,2780.8,Yes
3020,Male,1,40,27.81,Month-to-month,Net Banking,1112.4,No
3021,Female,0,34,115.55,Month-to-month,Credit card,3928.7,Yes
3022,Female,0,65,28.52,One year,UPI,1853.8,No
3023,Male,0,18,97.12,Month-to-month,Debit card,1748.16,Yes
3024,Male,1,34,73.86,Two year,Net Banking,2511.24,No
3025,Male,0,49,26.14,One year,Debit card,1280.86,No
3026,Male,1,55,20.17,Month-to-month,Credit card,1109.35,No
3027,Female,0,62,113.56,Month-to-month,Debit card,7040.72,Yes
3028,Female,1,70,94.22,One year,Debit card,6595.4,Yes
3029,Female,1,24,88.64,Month-to-month,UPI,2127.36,Yes
3030,Female,0,48,63.86,One year,Debit card,3065.28,No
3031,Female,0,39,43.86,Month-to-month,Debit card,1710.54,No
3032,Male,0,48,87.99,Month-to-month,Credit card,4223.52,Yes
3033,Male,0,70,80.83,Month-to-month,Debit card,5658.1,Yes
3034,Female,0,9,92.63,Two year,Net Banking,833.67,Yes
3035,Female,0,29,56.58,One year,Debit card,1640.82,No
3036,Male,0,68,118.69,Month-to-month,Net Banking,8070.92,Yes
3037,Female,0,60,26.7,Two year,UPI,1602.0,No
3038,Female,0,26,27.97,Month-to-month,Net Banking,727.22,No
3039,Female,0,38,111.69,One year,Net Banking,4244.22,Yes
3040,Female,0,62,84.77,One year,UPI,5255.74,No
3041,Male,0,26,52.63,One year,UPI,1368.38,Yes
3042,Female,0,14,96.2,Month-to-month,Credit card,1346.8,Yes
3043,Female,0,49,65.28,Month-to-month,Net Banking,3198.72,No
3044,Female,1,43,22.11,One year,UPI,950.73,Yes
3045,Female,0,8,85.11,Month-to-month,Debit card,680.88,Yes
3046,Female,0,40,44.31,Month-to-month,Credit card,1772.4,Yes
3047,Male,0,25,31.53,One year,Debit card,788.25,No
3048,Male,0,63,42.53,One year,Debit card,2679.39,Yes
3049,Male,0,4,67.62,Month-to-month,UPI,270.48,Yes
3050,Female,0,15,24.99,Month-to-month,Credit card,374.85,No
3051,Female,0,16,108.32,Month-to-month,Credit card,1733.12,Yes
3052,Male,0,54,75.99,One year,UPI,4103.46,No
3053,Male,0,11,49.3,One year,Net Banking,542.3,Yes
3054,Female,0,28,88.7,One year,Credit card,2483.6,No
3055,Female,0,7,100.42,One year,Debit card,702.94,Yes
3056,Male,0,38,81.39,One year,Net Banking,3092.82,No
3057,Female,0,24,40.25,Month-to-month,Credit card,966.0,No
3058,Female,0,68,31.03,Month-to-month,Debit card,2110.04,No
3059,Male,0,37,105.99,One year,Credit card,3921.63,No
3060,Female,1,35,43.47,Month-to-month,Credit card,1521.45,Yes
3061,Female,0,6,22.01,Two year,UPI,132.06,Yes
3062,Female,0,33,84.29,Two year,UPI,2781.57,No
3063,Male,0,54,35.29,Month-to-month,Net Banking,1905.66,Yes
3064,Female,0,14,119.1,Month-to-month,Credit card,1667.4,Yes
3065,Female,0,19,106.97,Month-to-month,Net Banking,2032.43,Yes
3066,Male,0,11,80.84,One year,Debit card,889.24,Yes
3067,Female,0,71,103.39,One year,UPI,7340.69,No
3068,Female,0,45,67.05,Month-to-month,UPI,3017.25,Yes
3069,Female,0,60,98.85,One year,Net Banking,5931.0,No
3070,Male,0,58,84.65,One year,Net Banking,4909.7,No
3071,Male,0,24,22.86,Month-to-month,UPI,548.64,No
3072,Female,1,11,114.88,Month-to-month,Net Banking,1263.68,Yes
3073,Male,0,44,106.09,Month-to-month,Credit card,4667.96,Yes
3074,Male,0,66,115.34,Month-to-month,Debit card,7612.44,Yes
3075,Male,0,45,93.14,Month-to-month,Net Banking,4191.3,Yes
3076,Male,0,32,61.21,Month-to-month,Debit card,1958.72,No
3077,Male,0,17,40.7,Two year,Credit card,691.9,No
3078,Male,0,54,38.0,Month-to-month,Debit card,2052.0,No
3079,Male,0,10,34.49,Month-to-month,UPI,344.9,Yes
3080,Male,1,6,42.06,Month-to-month,Debit card,252.36,Yes
3081,Male,0,20,75.06,One year,Net Banking,1501.2,Yes
3082,Female,0,1,88.37,One year,Net Banking,88.37,Yes
3083,Male,1,64,51.41,One year,UPI,3290.24,No
3084,Male,0,1,74.87,One year,UPI,74.87,Yes
3085,Female,0,61,54.13,Month-to-month,Credit card,3301.93,Yes
3086,Female,1,1,89.65,Month-to-month,UPI,89.65,Yes
3087,Female,0,46,118.85,One year,Debit card,5467.1,Yes
3088,Female,0,60,88.9,Month-to-month,Debit card,5334.0,Yes
3089,Male,0,43,25.9,One year,Debit card,1113.7,Yes
3090,Male,0,44,67.72,Month-to-month,Debit card,2979.68,No
3091,Male,0,38,97.04,Two year,Debit card,3687.52,No
3092,Female,0,2,74.22,Month-to-month,UPI,148.44,Yes
3093,Male,0,12,115.11,Month-to-month,Credit card,1381.32,Yes
3094,Male,1,23,25.48,Month-to-month,Credit card,586.04,Yes
3095,Female,0,9,49.12,One year,Net Banking,442.08,Yes
3096,Female,1,8,42.07,Month-to-month,Debit card,336.56,Yes
3097,Female,1,50,96.76,Month-to-month,UPI,4838.0,Yes
3098,Female,0,62,72.38,Month-to-month,Net Banking,4487.56,No
3099,Female,0,23,33.83,Month-to-month,Credit card,778.09,Yes
3100,Male,0,59,48.56,Month-to-month,Debit card,2865.04,No
3101,Female,0,10,72.27,Month-to-month,UPI,722.7,Yes
3102,Female,0,12,119.61,Two year,Credit card,1435.32,No
3103,Male,0,62,56.43,One year,UPI,3498.66,No
3104,Male,0,30,35.68,Month-to-month,Debit card,1070.4,No
3105,Male,0,68,69.71,Month-to-month,UPI,4740.28,No
3106,Female,0,47,51.02,Month-to-month,Credit card,2397.94,No
3107,Female,0,41,76.6,Month-to-month,Credit card,3140.6,No
3108,Male,0,7,66.67,One year,Net Banking,466.69,Yes
3109,Male,0,52,88.95,Month-to-month,UPI,4625.4,Yes
3110,Female,0,45,111.43,Two year,Net Banking,5014.35,No
3111,Male,1,38,40.05,Month-to-month,Credit card,1521.9,Yes
3112,Male,1,36,102.12,Month-to-month,Net Banking,3676.32,Yes
3113,Male,0,58,114.93,Two year,Net Banking,6665.94,No
3114,Male,0,46,57.36,Month-to-month,UPI,2638.56,No
3115,Female,1,67,31.37,Month-to-month,UPI,2101.79,No
3116,Female,0,65,102.19,Month-to-month,Net Banking,6642.35,Yes
3117,Female,0,18,90.11,Month-to-month,Debit card,1621.98,Yes
3118,Male,0,2,41.27,Month-to-month,Debit card,82.54,Yes
3119,Female,0,4,64.52,Two year,UPI,258.08,Yes
3120,Female,0,42,77.8,Two year,Credit card,3267.6,No
3121,Male,0,49,36.99,One year,Debit card,1812.51,No
3122,Male,0,49,91.49,Month-to-month,Credit card,4483.01,Yes
3123,Female,0,7,88.99,Two year,UPI,622.93,Yes
3124,Male,0,9,108.71,One year,Credit card,978.39,Yes
3125,Male,0,71,76.73,Month-to-month,Net Banking,5447.83,No
3126,Female,0,27,77.43,Month-to-month,Credit card,2090.61,Yes
3127,Female,0,21,81.94,One year,UPI,1720.74,No
3128,Female,0,35,47.38,One year,Debit card,1658.3,No
3129,Male,0,36,95.86,Month-to-month,Net Banking,3450.96,Yes
3130,Male,0,67,86.25,Month-to-month,Debit card,5778.75,Yes
3131,Male,0,43,103.91,Two year,Credit card,4468.13,No
3132,Male,0,8,96.86,Month-to-month,UPI,774.88,Yes
3133,Male,0,36,83.86,Month-to-month,UPI,3018.96,Yes
3134,Male,0,48,36.09,Two year,Debit card,1732.32,No
3135,Female,0,46,111.91,Month-to-month,Net Banking,5147.86,Yes
3136,Female,0,32,56.72,Two year,UPI,1815.04,No
3137,Male,0,7,116.43,One year,UPI,815.01,Yes
3138,Female,0,12,60.19,Month-to-month,Credit card,722.28,No
3139,Female,0,55,34.59,Month-to-month,Net Banking,1902.45,Yes
3140,Female,1,23,108.48,Month-to-month,Net Banking,2495.04,Yes
3141,Male,0,52,99.51,Month-to-month,Credit card,5174.52,Yes
3142,Female,0,13,98.63,One year,Debit card,1282.19,No
3143,Female,1,71,28.94,Month-to-month,Debit card,2054.74,No
3144,Male,0,53,107.93,One year,Credit card,5720.29,No
3145,Male,0,63,79.64,One year,UPI,5017.32,No
3146,Male,0,71,67.04,Month-to-month,UPI,4759.84,No
3147,Female,1,51,111.32,Two year,Credit card,5677.32,No
3148,Female,0,58,86.6,One year,Credit card,5022.8,No
3149,Female,0,27,33.3,Two year,Credit card,899.1,No
3150,Male,0,7,71.95,Month-to-month,Credit card,503.65,Yes
3151,Male,0,50,83.66,One year,UPI,4183.0,No
3152,Male,1,24,109.86,Month-to-month,Net Banking,2636.64,Yes
3153,Female,0,25,47.99,Two year,UPI,1199.75,No
3154,Female,0,44,99.42,Month-to-month,Debit card,4374.48,Yes
3155,Female,0,36,99.98,Month-to-month,Credit card,3599.28,Yes
3156,Male,1,57,32.8,Month-to-month,Debit card,1869.6,Yes
3157,Male,1,37,21.72,Month-to-month,UPI,803.64,Yes
3158,Female,0,52,78.14,Month-to-month,Debit card,4063.28,No
3159,Female,1,63,98.95,Month-to-month,UPI,6233.85,Yes
3160,Female,0,7,75.44,Two year,UPI,528.08,Yes
3161,Male,1,60,101.33,Month-to-month,Debit card,6079.8,Yes
3162,Female,0,37,82.23,Month-to-month,Debit card,3042.51,Yes
3163,Male,1,21,85.33,Two year,Net Banking,1791.93,No
3164,Female,0,46,22.82,Month-to-month,Credit card,1049.72,Yes
3165,Female,0,21,28.86,Two year,Net Banking,606.06,No
3166,Female,0,52,92.5,Month-to-month,Net Banking,4810.0,Yes
3167,Female,0,29,96.28,Month-to-month,UPI,2792.12,Yes
3168,Female,0,69,74.22,Month-to-month,Credit card,5121.18,No
3169,Female,0,39,79.02,Two year,Credit card,3081.78,No
3170,Female,0,27,81.44,Two year,UPI,2198.88,No
3171,Female,1,10,30.5,One year,Debit card,305.0,Yes
3172,Female,1,36,86.79,Month-to-month,Credit card,3124.44,Yes
3173,Female,1,16,67.85,Two year,Credit card,1085.6,No
3174,Male,0,36,80.25,Two year,Net Banking,2889.0,No
3175,Male,0,34,76.31,Month-to-month,UPI,2594.54,No
3176,Female,0,37,96.3,One year,Net Banking,3563.1,No
3177,Female,0,68,51.86,Two year,Debit card,3526.48,No
3178,Male,1,59,57.35,Month-to-month,Net Banking,3383.65,No
3179,Male,1,29,59.16,Month-to-month,Debit card,1715.64,No
3180,Male,0,31,96.25,Two year,Credit card,2983.75,No
3181,Female,1,66,63.11,Month-to-month,UPI,4165.26,No
3182,Female,0,3,37.71,Two year,Net Banking,113.13,Yes
3183,Female,0,69,118.3,Month-to-month,Net Banking,8162.7,Yes
3184,Female,1,22,69.34,Month-to-month,Credit card,1525.48,Yes
3185,Male,0,53,30.92,Month-to-month,Debit card,1638.76,No
3186,Male,0,48,87.03,One year,Credit card,4177.44,No
3187,Male,0,47,93.92,Month-to-month,UPI,4414.24,Yes
3188,Male,0,42,70.02,Month-to-month,Net Banking,2940.84,No
3189,Female,0,4,84.65,Month-to-month,Credit card,338.6,Yes
3190,Male,0,42,37.27,One year,Debit card,1565.34,Yes
3191,Male,0,43,56.79,Two year,Net Banking,2441.97,No
3192,Female,0,42,36.18,One year,UPI,1519.56,No
3193,Female,0,3,58.72,One year,Net Banking,176.16,Yes
3194,Female,1,59,76.28,Month-to-month,UPI,4500.52,Yes
3195,Male,0,11,64.25,Month-to-month,UPI,706.75,Yes
3196,Male,0,35,79.32,Month-to-month,UPI,2776.2,No
3197,Female,0,50,70.18,One year,Net Banking,3509.0,No
3198,Female,1,63,51.78,Two year,UPI,3262.14,No
3199,Female,0,70,34.34,One year,Net Banking,2403.8,Yes
3200,Female,1,6,45.27,Two year,Credit card,271.62,Yes
3201,Male,0,32,40.07,One year,UPI,1282.24,No
3202,Female,0,11,90.74,Month-to-month,Debit card,998.14,Yes
3203,Male,0,43,102.0,Month-to-month,Net Banking,4386.0,Yes
3204,Female,0,39,92.04,Two year,UPI,3589.56,No
3205,Female,0,13,84.37,Two year,Debit card,1096.81,No
3206,Male,0,13,50.79,Month-to-month,Net Banking,660.27,No
3207,Female,0,39,91.1,One year,Debit card,3552.9,Yes
3208,Female,0,46,80.51,Month-to-month,Debit card,3703.46,Yes
3209,Female,0,34,24.69,Month-to-month,Debit card,839.46,No
3210,Male,0,67,110.76,Two year,Debit card,7420.92,No
3211,Male,0,32,28.0,Two year,Credit card,896.0,No
3212,Female,0,68,70.27,Month-to-month,Debit card,4778.36,No
3213,Female,0,65,71.31,Month-to-month,Debit card,4635.15,No
3214,Male,0,7,103.7,One year,Debit card,725.9,Yes
3215,Male,0,3,111.31,Month-to-month,Credit card,333.93,Yes
3216,Male,0,69,113.97,Month-to-month,Net Banking,7863.93,Yes
3217,Female,0,49,76.97,Month-to-month,UPI,3771.53,No
3218,Female,1,58,87.9,Month-to-month,Debit card,5098.2,Yes
3219,Female,1,28,28.85,One year,Credit card,807.8,Yes
3220,Female,0,27,68.79,Month-to-month,Credit card,1857.33,Yes
3221,Male,0,22,109.79,Month-to-month,Credit card,2415.38,Yes
3222,Male,0,71,65.57,Two year,UPI,4655.47,No
3223,Male,1,13,26.96,Two year,Credit card,350.48,No
3224,Female,0,22,40.06,Month-to-month,Debit card,881.32,No
3225,Male,0,5,62.95,Month-to-month,Debit card,314.75,Yes
3226,Female,0,22,43.75,Month-to-month,Debit card,962.5,No
3227,Male,0,53,59.23,Month-to-month,UPI,3139.19,Yes
3228,Female,0,39,53.3,Month-to-month,Credit card,2078.7,No
3229,Female,1,37,51.89,Month-to-month,Debit card,1919.93,No
3230,Male,0,31,29.12,Two year,Debit card,902.72,No
3231,Male,0,62,108.27,Two year,Net Banking,6712.74,No
3232,Male,0,6,89.27,One year,Net Banking,535.62,Yes
3233,Male,0,34,82.34,One year,Net Banking,2799.56,No
3234,Male,0,52,80.65,One year,Debit card,4193.8,No
3235,Male,0,30,59.65,Month-to-month,UPI,1789.5,Yes
3236,Female,0,13,102.33,Month-to-month,Debit card,1330.29,Yes
3237,Male,0,58,113.0,One year,Credit card,6554.0,No
3238,Female,1,53,20.56,One year,Net Banking,1089.68,No
3239,Female,0,20,27.92,Month-to-month,Credit card,558.4,No
3240,Female,0,6,87.5,Month-to-month,Net Banking,525.0,Yes
3241,Male,0,55,43.61,Two year,UPI,2398.55,No
3242,Male,0,31,111.17,Month-to-month,UPI,3446.27,Yes
3243,Male,0,59,86.74,Month-to-month,UPI,5117.66,Yes
3244,Male,0,19,56.83,Month-to-month,Credit card,1079.77,No
3245,Male,0,70,61.53,Month-to-month,UPI,4307.1,No
3246,Male,0,28,89.09,Month-to-month,UPI,2494.52,Yes
3247,Female,0,13,34.1,Month-to-month,Net Banking,443.3,No
3248,Female,0,52,108.34,One year,Credit card,5633.68,Yes
3249,Female,1,61,20.48,Month-to-month,Debit card,1249.28,No
3250,Female,0,41,117.89,One year,UPI,4833.49,No
3251,Female,0,45,36.76,Month-to-month,Debit card,1654.2,No
3252,Male,0,7,94.21,Month-to-month,Debit card,659.47,Yes
3253,Male,0,14,23.99,Two year,Debit card,335.86,No
3254,Female,0,36,63.14,One year,Debit card,2273.04,Yes
3255,Female,0,8,83.03,One year,UPI,664.24,Yes
3256,Female,0,12,27.02,Month-to-month,UPI,324.24,Yes
3257,Male,0,40,64.33,Month-to-month,UPI,2573.2,No
3258,Male,1,62,50.31,One year,Credit card,3119.22,No
3259,Male,1,14,69.82,Month-to-month,Credit card,977.48,Yes
3260,Male,1,49,70.46,One year,Debit card,3452.54,No
3261,Male,1,51,98.52,Month-to-month,Net Banking,5024.52,Yes
3262,Male,0,62,32.35,One year,Credit card,2005.7,No
3263,Male,0,5,28.27,One year,Debit card,141.35,Yes
3264,Female,0,67,60.19,Month-to-month,Debit card,4032.73,No
3265,Female,1,1,108.75,Month-to-month,UPI,108.75,Yes
3266,Male,0,49,105.53,One year,UPI,5170.97,No
3267,Female,0,17,76.0,One year,Credit card,1292.0,No
3268,Male,0,35,108.88,Month-to-month,UPI,3810.8,Yes
3269,Female,0,67,100.53,Month-to-month,Credit card,6735.51,Yes
3270,Male,0,13,47.79,Month-to-month,UPI,621.27,Yes
3271,Male,0,37,37.01,Month-to-month,Net Banking,1369.37,Yes
3272,Female,1,38,50.12,Month-to-month,UPI,1904.56,Yes
3273,Male,0,6,42.71,Two year,Credit card,256.26,Yes
3274,Female,1,63,82.27,Month-to-month,Debit card,5183.01,Yes
3275,Male,0,49,78.49,Two year,Credit card,3846.01,No
3276,Female,1,9,79.84,One year,UPI,718.56,Yes
3277,Male,0,36,38.93,Month-to-month,Debit card,1401.48,No
3278,Female,0,23,99.19,Month-to-month,UPI,2281.37,Yes
3279,Male,0,57,63.36,Two year,UPI,3611.52,No
3280,Female,0,50,67.25,Month-to-month,UPI,3362.5,No
3281,Female,1,59,119.7,Month-to-month,Debit card,7062.3,Yes
3282,Female,0,7,48.23,Two year,UPI,337.61,Yes
3283,Female,0,47,59.41,Month-to-month,Net Banking,2792.27,No
3284,Male,0,56,87.65,Month-to-month,Credit card,4908.4,Yes
3285,Female,0,8,108.04,Month-to-month,Net Banking,864.32,Yes
3286,Male,0,36,32.68,One year,Net Banking,1176.48,No
3287,Male,0,42,93.5,Month-to-month,Credit card,3927.0,Yes
3288,Male,0,39,111.83,Month-to-month,Credit card,4361.37,Yes
3289,Male,0,65,62.29,Month-to-month,Debit card,4048.85,No
3290,Male,1,44,48.67,One year,Net Banking,2141.48,Yes
3291,Male,0,46,87.77,One year,Net Banking,4037.42,Yes
3292,Male,0,13,44.61,Month-to-month,Credit card,579.93,Yes
3293,Male,0,37,58.43,One year,UPI,2161.91,No
3294,Female,0,14,109.69,Month-to-month,Net Banking,1535.66,Yes
3295,Female,0,13,79.03,Month-to-month,Debit card,1027.39,No
3296,Male,0,12,29.5,Two year,UPI,354.0,No
3297,Female,1,55,52.97,Month-to-month,Net Banking,2913.35,No
3298,Female,0,28,82.73,Two year,UPI,2316.44,No
3299,Male,0,22,68.15,One year,Net Banking,1499.3,Yes
3300,Female,0,19,86.03,Month-to-month,UPI,1634.57,Yes
3301,Female,0,30,96.14,One year,Net Banking,2884.2,No
3302,Female,1,54,68.06,Month-to-month,Credit card,3675.24,Yes
3303,Male,1,15,118.7,Month-to-month,Credit card,1780.5,Yes
3304,Male,0,30,111.47,One year,Debit card,3344.1,No
3305,Female,0,29,25.99,Two year,Net Banking,753.71,No
3306,Male,0,32,46.64,Month-to-month,Debit card,1492.48,Yes
3307,Male,0,30,50.05,Two year,Credit card,1501.5,No
3308,Female,0,16,38.43,Two year,Net Banking,614.88,No
3309,Female,0,36,51.2,Month-to-month,Credit card,1843.2,No
3310,Female,0,48,62.48,Two year,UPI,2999.04,No
3311,Female,0,28,25.16,Month-to-month,Credit card,704.48,No
3312,Male,0,62,32.73,Month-to-month,UPI,2029.26,No
3313,Male,0,56,29.62,Two year,Credit card,1658.72,No
3314,Male,0,56,24.63,Month-to-month,UPI,1379.28,Yes
3315,Male,0,17,68.15,One year,Credit card,1158.55,No
3316,Male,0,62,53.38,Month-to-month,Credit card,3309.56,No
3317,Male,0,21,113.54,Month-to-month,Net Banking,2384.34,Yes
3318,Male,0,37,30.28,One year,Net Banking,1120.36,Yes
3319,Male,0,34,112.6,Month-to-month,Net Banking,3828.4,Yes
3320,Male,0,29,28.65,Month-to-month,Debit card,830.85,No
3321,Female,0,68,81.92,Two year,Debit card,5570.56,No
3322,Male,0,60,44.77,Two year,UPI,2686.2,No
3323,Male,0,11,102.68,Month-to-month,Debit card,1129.48,Yes
3324,Male,0,60,26.15,Month-to-month,Debit card,1569.0,No
3325,Female,1,34,115.25,Month-to-month,Credit card,3918.5,Yes
3326,Female,0,33,24.73,Two year,UPI,816.09,No
3327,Male,0,10,44.11,Month-to-month,Debit card,441.1,Yes
3328,Male,0,60,66.42,Month-to-month,Net Banking,3985.2,Yes
3329,Female,0,26,95.61,Two year,Net Banking,2485.86,No
3330,Male,0,25,115.11,Month-to-month,Debit card,2877.75,Yes
3331,Female,1,2,62.8,Month-to-month,Credit card,125.6,Yes
3332,Male,0,3,95.73,Month-to-month,Net Banking,287.19,Yes
3333,Female,0,32,92.72,Two year,Net Banking,2967.04,No
3334,Female,1,1,77.12,Month-to-month,Credit card,77.12,Yes
3335,Male,0,24,89.09,Month-to-month,Net Banking,2138.16,Yes
3336,Female,0,50,23.81,Two year,Credit card,1190.5,No
3337,Female,0,43,64.16,One year,UPI,2758.88,Yes
3338,Female,1,44,98.59,Month-to-month,Credit card,4337.96,Yes
3339,Male,0,33,67.42,Month-to-month,UPI,2224.86,Yes
3340,Male,1,38,107.35,Month-to-month,Credit card,4079.3,Yes
3341,Female,0,52,103.36,Month-to-month,Debit card,5374.72,Yes
3342,Female,1,35,106.34,Month-to-month,Net Banking,3721.9,Yes
3343,Male,1,17,33.0,Month-to-month,UPI,561.0,No
3344,Male,0,58,44.41,One year,Net Banking,2575.78,Yes
3345,Male,0,48,22.96,Month-to-month,Credit card,1102.08,Yes
3346,Female,0,43,118.28,Month-to-month,Credit card,5086.04,Yes
3347,Male,0,48,43.61,Month-to-month,Net Banking,2093.28,No
3348,Male,1,44,56.71,Two year,Debit card,2495.24,No
3349,Male,0,33,47.49,Month-to-month,Debit card,1567.17,No
3350,Male,0,2,23.98,One year,Net Banking,47.96,Yes
3351,Female,0,10,46.13,Month-to-month,Debit card,461.3,Yes
3352,Female,0,28,29.82,One year,Credit card,834.96,Yes
3353,Male,0,47,59.43,Month-to-month,Net Banking,2793.21,No
3354,Female,0,8,116.68,Month-to-month,Net Banking,933.44,Yes
3355,Male,0,23,89.83,One year,Net Banking,2066.09,No
3356,Female,1,48,90.69,Month-to-month,Net Banking,4353.12,Yes
3357,Male,1,63,65.32,Month-to-month,Debit card,4115.16,Yes
3358,Male,0,37,101.13,Month-to-month,Debit card,3741.81,Yes
3359,Female,0,12,110.83,Month-to-month,UPI,1329.96,Yes
3360,Male,1,65,116.16,One year,UPI,7550.4,Yes
3361,Male,0,15,29.9,Month-to-month,UPI,448.5,Yes
3362,Female,0,10,107.96,Month-to-month,Credit card,1079.6,Yes
3363,Male,0,42,42.51,Month-to-month,UPI,1785.42,Yes
3364,Female,0,26,59.73,Month-to-month,Net Banking,1552.98,No
3365,Male,0,49,54.55,Month-to-month,Credit card,2672.95,No
3366,Male,0,23,87.51,Month-to-month,Debit card,2012.73,Yes
3367,Female,0,64,79.79,Month-to-month,Credit card,5106.56,No
3368,Female,0,17,30.91,Two year,Credit card,525.47,No
3369,Male,1,34,98.28,Month-to-month,Net Banking,3341.52,Yes
3370,Male,0,57,63.96,Two year,Debit card,3645.72,No
3371,Female,0,4,20.22,One year,UPI,80.88,Yes
3372,Female,1,71,61.45,Month-to-month,UPI,4362.95,No
3373,Male,1,69,71.63,Month-to-month,UPI,4942.47,No
3374,Male,1,68,26.89,Month-to-month,Debit card,1828.52,Yes
3375,Male,0,50,35.11,Month-to-month,Credit card,1755.5,Yes
3376,Female,0,67,119.36,One year,Net Banking,7997.12,No
3377,Male,0,68,107.12,One year,Debit card,7284.16,No
3378,Female,0,59,33.33,Month-to-month,Net Banking,1966.47,Yes
3379,Male,0,63,78.03,Month-to-month,Debit card,4915.89,Yes
3380,Female,0,67,57.92,One year,Debit card,3880.64,No
3381,Male,0,26,74.37,Month-to-month,Debit card,1933.62,No
3382,Female,1,1,67.05,Two year,Credit card,67.05,Yes
3383,Female,0,68,24.81,Month-to-month,Net Banking,1687.08,No
3384,Male,0,18,51.54,Month-to-month,UPI,927.72,No
3385,Female,0,12,32.55,Two year,Net Banking,390.6,No
3386,Female,0,38,68.9,Month-to-month,UPI,2618.2,No
3387,Female,1,42,110.73,One year,Net Banking,4650.66,Yes
3388,Male,0,36,119.55,Month-to-month,Debit card,4303.8,Yes
3389,Male,0,16,114.43,Two year,Credit card,1830.88,No
3390,Male,0,65,118.57,Two year,Debit card,7707.05,No
3391,Male,0,67,21.52,Month-to-month,Credit card,1441.84,No
3392,Female,0,39,92.94,Month-to-month,Debit card,3624.66,Yes
3393,Female,0,59,47.29,One year,UPI,2790.11,Yes
3394,Male,0,38,106.56,Two year,UPI,4049.28,No
3395,Female,0,16,101.37,One year,Debit card,1621.92,Yes
3396,Female,0,11,62.37,Two year,Net Banking,686.07,Yes
3397,Male,0,28,67.33,Month-to-month,UPI,1885.24,No
3398,Male,0,2,46.51,Two year,Debit card,93.02,Yes
3399,Female,0,20,48.88,Month-to-month,Credit card,977.6,Yes
3400,Male,0,38,118.12,Month-to-month,Credit card,4488.56,Yes
3401,Female,0,56,108.89,Month-to-month,Credit card,6097.84,Yes
3402,Female,0,39,39.19,One year,Credit card,1528.41,No
3403,Male,0,31,47.55,Month-to-month,Net Banking,1474.05,No
3404,Male,0,23,30.86,Two year,Net Banking,709.78,No
3405,Female,0,34,118.89,Two year,Net Banking,4042.26,No
3406,Male,0,17,110.72,One year,Debit card,1882.24,No
3407,Female,1,24,75.21,Month-to-month,UPI,1805.04,No
3408,Female,0,35,89.29,Month-to-month,Credit card,3125.15,Yes
3409,Male,0,23,94.79,Month-to-month,UPI,2180.17,Yes
3410,Male,1,8,40.38,One year,Debit card,323.04,Yes
3411,Male,0,54,113.47,Month-to-month,UPI,6127.38,Yes
3412,Male,0,21,72.67,One year,UPI,1526.07,No
3413,Female,0,19,29.25,Month-to-month,UPI,555.75,No
3414,Male,0,31,59.71,One year,Net Banking,1851.01,No
3415,Male,0,50,80.16,Month-to-month,Debit card,4008.0,Yes
3416,Male,1,71,55.28,One year,Debit card,3924.88,No
3417,Female,0,24,89.92,Month-to-month,Debit card,2158.08,Yes
3418,Male,0,46,108.2,Month-to-month,UPI,4977.2,Yes
3419,Male,0,8,97.19,Two year,Net Banking,777.52,Yes
3420,Male,0,3,84.27,Month-to-month,Credit card,252.81,Yes
3421,Male,0,34,71.22,Two year,Net Banking,2421.48,No
3422,Male,0,57,45.45,Month-to-month,Credit card,2590.65,No
3423,Female,0,58,65.49,Month-to-month,UPI,3798.42,No
3424,Female,0,35,49.3,Month-to-month,Net Banking,1725.5,No
3425,Female,1,21,113.4,Two year,Net Banking,2381.4,No
3426,Male,0,65,110.73,Two year,Credit card,7197.45,No
3427,Male,0,66,35.58,Month-to-month,Credit card,2348.28,Yes
3428,Female,0,57,102.26,Month-to-month,UPI,5828.82,Yes
3429,Male,0,42,90.29,One year,Net Banking,3792.18,No
3430,Female,0,43,117.52,Two year,Net Banking,5053.36,No
3431,Male,0,26,66.33,One year,Net Banking,1724.58,Yes
3432,Female,0,67,92.22,Two year,Debit card,6178.74,No
3433,Female,0,26,71.79,Month-to-month,Credit card,1866.54,No
3434,Male,1,8,26.94,One year,Net Banking,215.52,Yes
3435,Male,0,47,24.68,One year,Debit card,1159.96,No
3436,Male,0,37,32.21,Month-to-month,Net Banking,1191.77,No
3437,Male,0,18,49.62,One year,Credit card,893.16,No
3438,Male,0,36,45.91,Two year,Net Banking,1652.76,No
3439,Female,1,2,92.83,Two year,Net Banking,185.66,Yes
3440,Male,0,3,91.59,Month-to-month,UPI,274.77,Yes
3441,Female,0,34,117.14,Month-to-month,UPI,3982.76,Yes
3442,Male,0,46,51.04,Month-to-month,Net Banking,2347.84,No
3443,Female,0,62,113.85,Month-to-month,Debit card,7058.7,Yes
3444,Female,0,70,81.29,Two year,Debit card,5690.3,No
3445,Female,1,57,69.53,Month-to-month,Debit card,3963.21,Yes
3446,Male,0,10,86.78,One year,Net Banking,867.8,Yes
3447,Female,0,18,90.28,Month-to-month,Debit card,1625.04,Yes
3448,Male,0,33,37.19,Month-to-month,UPI,1227.27,Yes
3449,Female,1,7,95.17,Month-to-month,Net Banking,666.19,Yes
3450,Male,0,45,92.52,Month-to-month,UPI,4163.4,Yes
3451,Female,0,29,119.75,Month-to-month,UPI,3472.75,Yes
3452,Male,0,38,111.19,One year,Debit card,4225.22,No
3453,Male,0,39,88.47,One year,UPI,3450.33,No
3454,Female,0,25,91.24,Month-to-month,UPI,2281.0,Yes
3455,Female,1,17,114.6,Month-to-month,Credit card,1948.2,Yes
3456,Male,0,61,116.72,One year,Credit card,7119.92,No
3457,Female,0,51,102.7,One year,Credit card,5237.7,No
3458,Male,0,37,96.74,Month-to-month,Debit card,3579.38,Yes
3459,Male,0,67,31.14,Month-to-month,Debit card,2086.38,No
3460,Female,0,24,103.03,Month-to-month,UPI,2472.72,Yes
3461,Male,0,49,45.32,Month-to-month,UPI,2220.68,No
3462,Female,0,21,76.38,Month-to-month,Debit card,1603.98,Yes
3463,Male,0,57,60.54,Month-to-month,Net Banking,3450.78,No
3464,Male,0,41,54.56,Two year,Net Banking,2236.96,No
3465,Male,0,17,51.03,Month-to-month,Net Banking,867.51,No
3466,Male,0,21,105.54,One year,Credit card,2216.34,No
3467,Female,0,68,96.91,Month-to-month,UPI,6589.88,Yes
3468,Male,0,64,72.34,Two year,Net Banking,4629.76,No
3469,Female,1,44,86.45,One year,Credit card,3803.8,No
3470,Male,0,28,118.45,Two year,UPI,3316.6,No
3471,Male,0,36,59.75,One year,Net Banking,2151.0,No
3472,Female,0,37,75.11,One year,Net Banking,2779.07,No
3473,Male,0,44,73.35,Month-to-month,Credit card,3227.4,No
3474,Male,0,50,113.6,Month-to-month,Net Banking,5680.0,Yes
3475,Female,0,55,55.16,Two year,UPI,3033.8,No
3476,Male,0,10,118.63,One year,Net Banking,1186.3,Yes
3477,Male,0,38,50.47,Month-to-month,Credit card,1917.86,No
3478,Male,0,49,30.89,Two year,Net Banking,1513.61,No
3479,Female,0,2,39.14,Month-to-month,Credit card,78.28,Yes
3480,Female,0,44,62.62,Month-to-month,Debit card,2755.28,No
3481,Female,0,35,84.98,One year,Net Banking,2974.3,No
3482,Female,0,21,71.68,Month-to-month,UPI,1505.28,Yes
3483,Female,0,57,57.63,Month-to-month,Net Banking,3284.91,Yes
3484,Female,0,23,76.2,Month-to-month,Credit card,1752.6,Yes
3485,Female,0,32,103.88,Two year,Debit card,3324.16,No
3486,Female,1,71,103.89,Two year,UPI,7376.19,No
3487,Male,0,33,92.62,Month-to-month,Net Banking,3056.46,Yes
3488,Female,0,17,115.24,Month-to-month,Debit card,1959.08,Yes
3489,Male,0,42,79.02,Month-to-month,Credit card,3318.84,No
3490,Male,0,17,20.77,Two year,UPI,353.09,No
3491,Male,0,48,49.09,Two year,Credit card,2356.32,No
3492,Male,0,48,52.82,Month-to-month,Net Banking,2535.36,No
3493,Male,0,57,74.73,One year,Credit card,4259.61,No
3494,Female,0,61,110.49,One year,Debit card,6739.89,No
3495,Female,1,44,103.81,Month-to-month,Credit card,4567.64,Yes
3496,Male,0,23,43.22,Month-to-month,UPI,994.06,No
3497,Female,0,53,71.94,Month-to-month,Debit card,3812.82,No
3498,Female,0,33,85.91,Month-to-month,Net Banking,2835.03,Yes
3499,Female,0,56,118.75,Month-to-month,Credit card,6650.0,Yes
3500,Female,1,28,23.13,Month-to-month,Credit card,647.64,No
3501,Female,0,23,66.39,Month-to-month,Net Banking,1526.97,No
3502,Male,0,63,118.81,Month-to-month,Net Banking,7485.03,Yes
3503,Male,0,7,117.72,One year,Credit card,824.04,Yes
3504,Male,0,2,53.07,Two year,Net Banking,106.14,Yes
3505,Male,0,65,20.0,Two year,Debit card,1300.0,No
3506,Male,0,4,78.67,One year,UPI,314.68,Yes
3507,Female,0,8,106.69,One year,Debit card,853.52,Yes
3508,Female,1,49,52.43,Month-to-month,Credit card,2569.07,No
3509,Male,0,29,113.43,Month-to-month,Debit card,3289.47,Yes
3510,Male,0,55,53.27,Month-to-month,Credit card,2929.85,No
3511,Female,0,37,81.02,Month-to-month,Debit card,2997.74,Yes
3512,Female,1,6,92.2,One year,Credit card,553.2,Yes
3513,Male,0,24,54.54,Month-to-month,Net Banking,1308.96,No
3514,Male,1,40,55.22,One year,Debit card,2208.8,Yes
3515,Female,0,12,67.0,Month-to-month,Credit card,804.0,Yes
3516,Female,0,64,103.52,Month-to-month,Net Banking,6625.28,Yes
3517,Male,0,46,30.09,Two year,Credit card,1384.14,No
3518,Female,1,14,83.15,Month-to-month,Debit card,1164.1,Yes
3519,Female,0,27,87.73,Month-to-month,Debit card,2368.71,Yes
3520,Male,0,37,75.79,Month-to-month,Credit card,2804.23,No
3521,Female,0,62,113.58,Month-to-month,Net Banking,7041.96,Yes
3522,Male,0,67,80.2,One year,UPI,5373.4,No
3523,Female,0,14,83.46,One year,Credit card,1168.44,No
3524,Male,0,39,79.98,Month-to-month,Credit card,3119.22,No
3525,Female,1,5,92.2,Two year,UPI,461.0,Yes
3526,Female,1,26,33.54,One year,Credit card,872.04,Yes
3527,Male,0,53,109.43,Month-to-month,Debit card,5799.79,Yes
3528,Male,0,63,24.25,Month-to-month,Debit card,1527.75,No
3529,Female,0,11,84.07,One year,Net Banking,924.77,Yes
3530,Male,0,33,81.55,One year,UPI,2691.15,No
3531,Male,1,41,40.81,Month-to-month,Credit card,1673.21,No
3532,Female,0,40,24.07,Month-to-month,Debit card,962.8,No
3533,Female,1,46,33.88,Month-to-month,Credit card,1558.48,Yes
3534,Female,1,4,47.17,Month-to-month,UPI,188.68,Yes
3535,Male,0,11,108.21,Month-to-month,Debit card,1190.31,Yes
3536,Female,0,27,105.57,Two year,UPI,2850.39,No
3537,Female,0,8,26.39,One year,Credit card,211.12,Yes
3538,Male,0,21,48.93,One year,Net Banking,1027.53,No
3539,Male,0,5,108.93,Month-to-month,Credit card,544.65,Yes
3540,Male,1,62,43.67,Month-to-month,Credit card,2707.54,Yes
3541,Female,0,32,119.6,Month-to-month,UPI,3827.2,Yes
3542,Male,0,58,45.68,Month-to-month,Debit card,2649.44,No
3543,Female,0,27,93.91,Month-to-month,UPI,2535.57,Yes
3544,Female,0,26,61.71,Month-to-month,Debit card,1604.46,Yes
3545,Female,0,40,33.62,Month-to-month,Credit card,1344.8,No
3546,Female,0,29,45.52,Two year,Credit card,1320.08,No
3547,Male,0,7,87.51,One year,Net Banking,612.57,Yes
3548,Male,0,21,53.71,Month-to-month,Net Banking,1127.91,No
3549,Male,0,67,80.41,One year,UPI,5387.47,No
3550,Male,0,10,40.55,One year,Debit card,405.5,Yes
3551,Female,0,62,64.86,Month-to-month,Net Banking,4021.32,No
3552,Male,1,8,71.22,Month-to-month,Net Banking,569.76,Yes
3553,Female,0,4,61.28,One year,Credit card,245.12,Yes
3554,Male,0,29,39.79,Month-to-month,Credit card,1153.91,No
3555,Male,0,12,66.16,One year,UPI,793.92,No
3556,Female,0,51,89.29,Month-to-month,UPI,4553.79,Yes
3557,Female,0,19,116.49,Month-to-month,Debit card,2213.31,Yes
3558,Female,0,31,98.95,Month-to-month,Net Banking,3067.45,Yes
3559,Male,1,26,36.15,One year,Credit card,939.9,No
3560,Female,0,6,47.27,Two year,Debit card,283.62,Yes
3561,Male,0,29,27.88,Month-to-month,Net Banking,808.52,No
3562,Female,0,17,33.56,Month-to-month,Debit card,570.52,No
3563,Male,0,20,45.07,Month-to-month,Debit card,901.4,No
3564,Female,1,42,39.95,Two year,UPI,1677.9,No
3565,Female,0,47,41.36,One year,Net Banking,1943.92,Yes
3566,Female,0,70,43.08,Month-to-month,Debit card,3015.6,No
3567,Female,0,2,50.07,Two year,Debit card,100.14,Yes
3568,Male,0,37,32.56,One year,Debit card,1204.72,No
3569,Male,0,19,47.78,Month-to-month,UPI,907.82,No
3570,Male,0,41,88.84,Month-to-month,UPI,3642.44,Yes
3571,Male,0,16,43.64,Month-to-month,Credit card,698.24,No
3572,Female,1,60,37.18,One year,UPI,2230.8,No
3573,Female,1,57,26.77,Month-to-month,UPI,1525.89,No
3574,Male,0,64,70.0,Two year,Net Banking,4480.0,No
3575,Male,1,5,104.2,One year,Net Banking,521.0,Yes
3576,Male,0,18,25.9,One year,Debit card,466.2,No
3577,Male,0,13,74.23,Month-to-month,Credit card,964.99,No
3578,Male,0,36,85.06,Two year,UPI,3062.16,No
3579,Female,0,19,79.25,Month-to-month,Net Banking,1505.75,No
3580,Female,0,31,107.76,Two year,Credit card,3340.56,No
3581,Male,0,23,106.64,Month-to-month,Net Banking,2452.72,Yes
3582,Male,0,32,25.73,Two year,Debit card,823.36,No
3583,Female,0,11,56.09,One year,UPI,616.99,Yes
3584,Male,0,66,87.08,Two year,Debit card,5747.28,No
3585,Male,0,5,115.24,Month-to-month,Debit card,576.2,Yes
3586,Female,0,13,100.47,Month-to-month,Net Banking,1306.11,Yes
3587,Female,0,64,37.66,Month-to-month,Credit card,2410.24,No
3588,Female,0,35,47.92,Month-to-month,UPI,1677.2,No
3589,Male,0,29,96.36,Month-to-month,Credit card,2794.44,Yes
3590,Male,1,23,67.15,Two year,Debit card,1544.45,No
3591,Female,0,16,74.73,One year,UPI,1195.68,No
3592,Male,0,26,80.9,Month-to-month,Debit card,2103.4,Yes
3593,Male,0,3,30.33,Two year,Net Banking,90.99,Yes
3594,Male,0,23,105.6,One year,Credit card,2428.8,Yes
3595,Male,0,57,106.31,Two year,Credit card,6059.67,No
3596,Male,0,9,66.82,Two year,Debit card,601.38,Yes
3597,Female,0,51,82.68,One year,Credit card,4216.68,No
3598,Male,0,33,85.99,Month-to-month,Credit card,2837.67,Yes
3599,Female,0,24,38.97,Two year,Debit card,935.28,No
3600,Female,1,50,31.26,Month-to-month,UPI,1563.0,Yes
3601,Male,0,52,22.07,One year,Net Banking,1147.64,No
3602,Female,0,71,111.29,One year,UPI,7901.59,Yes
3603,Female,0,38,54.57,Month-to-month,UPI,2073.66,No
3604,Male,1,44,28.58,One year,Net Banking,1257.52,No
3605,Female,0,56,66.58,Month-to-month,Debit card,3728.48,No
3606,Male,0,66,27.56,Month-to-month,Debit card,1818.96,No
3607,Male,0,45,28.53,Month-to-month,Net Banking,1283.85,No
3608,Female,1,52,68.89,Two year,Credit card,3582.28,No
3609,Male,0,1,70.88,Month-to-month,UPI,70.88,Yes
3610,Female,0,64,78.01,Two year,Credit card,4992.64,No
3611,Female,1,8,85.63,One year,Debit card,685.04,Yes
3612,Male,1,43,86.83,One year,UPI,3733.69,No
3613,Male,0,8,63.3,One year,Debit card,506.4,Yes
3614,Male,1,29,84.35,Month-to-month,Net Banking,2446.15,Yes
3615,Male,0,13,50.47,Month-to-month,Net Banking,656.11,Yes
3616,Male,0,1,64.13,Month-to-month,Credit card,64.13,Yes
3617,Male,0,29,59.33,Month-to-month,Credit card,1720.57,No
3618,Male,0,50,52.91,Month-to-month,Debit card,2645.5,No
3619,Male,0,37,43.86,Month-to-month,Debit card,1622.82,Yes
3620,Male,1,1,27.85,One year,Net Banking,27.85,Yes
3621,Male,0,69,70.59,Month-to-month,UPI,4870.71,No
3622,Female,0,48,73.73,One year,Net Banking,3539.04,Yes
3623,Female,0,55,53.62,Month-to-month,Debit card,2949.1,No
3624,Male,0,66,117.58,Two year,Net Banking,7760.28,No
3625,Male,0,63,75.7,Month-to-month,Credit card,4769.1,Yes
3626,Male,1,22,108.9,Two year,Credit card,2395.8,No
3627,Male,0,11,77.01,Month-to-month,Debit card,847.11,Yes
3628,Male,0,29,38.99,Month-to-month,Net Banking,1130.71,No
3629,Female,0,3,117.46,Month-to-month,Debit card,352.38,Yes
3630,Male,0,45,108.53,Month-to-month,UPI,4883.85,Yes
3631,Male,0,3,67.13,Two year,Credit card,201.39,Yes
3632,Female,0,68,44.31,Month-to-month,Net Banking,3013.08,No
3633,Male,0,14,42.27,Month-to-month,Credit card,591.78,No
3634,Male,0,65,100.6,One year,Net Banking,6539.0,No
3635,Female,0,57,26.91,Month-to-month,Credit card,1533.87,No
3636,Male,0,15,83.81,Month-to-month,Debit card,1257.15,Yes
3637,Male,0,60,84.01,Month-to-month,Credit card,5040.6,Yes
3638,Female,1,54,38.25,Month-to-month,Net Banking,2065.5,No
3639,Male,0,2,90.49,Month-to-month,Debit card,180.98,Yes
3640,Female,0,64,90.54,One year,Net Banking,5794.56,No
3641,Male,0,28,55.0,Month-to-month,UPI,1540.0,No
3642,Female,0,67,68.34,One year,Net Banking,4578.78,No
3643,Female,0,3,103.28,One year,Net Banking,309.84,Yes
3644,Male,0,53,72.32,One year,Debit card,3832.96,Yes
3645,Female,0,26,81.82,Month-to-month,Net Banking,2127.32,Yes
3646,Female,0,4,61.28,Month-to-month,UPI,245.12,Yes
3647,Male,0,16,34.96,Month-to-month,UPI,559.36,No
3648,Female,0,54,119.81,Two year,Debit card,6469.74,No
3649,Female,0,16,73.15,One year,UPI,1170.4,No
3650,Male,0,31,53.64,Month-to-month,Debit card,1662.84,No
3651,Female,1,2,91.38,Two year,Credit card,182.76,Yes
3652,Male,0,45,82.08,Month-to-month,Net Banking,3693.6,Yes
3653,Female,0,54,43.29,One year,Net Banking,2337.66,No
3654,Female,0,59,107.69,One year,Net Banking,6353.71,No
3655,Female,0,59,27.09,Two year,Net Banking,1598.31,No
3656,Female,0,22,80.57,Two year,Debit card,1772.54,No
3657,Male,0,34,67.79,Month-to-month,Net Banking,2304.86,Yes
3658,Female,0,56,51.82,Month-to-month,UPI,2901.92,Yes
3659,Male,0,34,102.64,Month-to-month,UPI,3489.76,Yes
3660,Male,1,26,85.63,Two year,Credit card,2226.38,No
3661,Female,1,71,95.95,One year,Debit card,6812.45,No
3662,Male,0,45,61.47,Month-to-month,Credit card,2766.15,Yes
3663,Female,0,21,114.24,Month-to-month,Net Banking,2399.04,Yes
3664,Male,0,43,54.47,Month-to-month,UPI,2342.21,No
3665,Female,0,39,73.1,Month-to-month,Debit card,2850.9,No
3666,Male,1,13,113.37,Month-to-month,UPI,1473.81,Yes
3667,Male,0,42,28.32,One year,Debit card,1189.44,No
3668,Female,0,45,30.88,Month-to-month,Credit card,1389.6,No
3669,Female,0,51,119.42,One year,Net Banking,6090.42,No
3670,Male,0,17,117.14,Month-to-month,Credit card,1991.38,Yes
3671,Male,0,63,97.17,Two year,Net Banking,6121.71,No
3672,Male,1,7,68.42,One year,UPI,478.94,Yes
3673,Male,0,55,70.61,Month-to-month,Credit card,3883.55,No
3674,Male,0,4,45.72,One year,Credit card,182.88,Yes
3675,Male,0,31,63.27,Month-to-month,UPI,1961.37,No
3676,Female,0,56,63.13,Two year,UPI,3535.28,No
3677,Female,0,4,23.61,One year,UPI,94.44,Yes
3678,Female,0,40,65.32,One year,Debit card,2612.8,No
3679,Male,1,47,67.98,Month-to-month,UPI,3195.06,No
3680,Male,0,50,86.58,Month-to-month,Debit card,4329.0,Yes
3681,Female,1,23,71.65,Month-to-month,UPI,1647.95,No
3682,Female,0,51,106.17,Month-to-month,Debit card,5414.67,Yes
3683,Female,1,38,56.76,One year,UPI,2156.88,No
3684,Female,0,9,60.97,Month-to-month,Debit card,548.73,Yes
3685,Female,0,61,77.15,Month-to-month,Net Banking,4706.15,Yes
3686,Female,1,21,40.27,Month-to-month,Net Banking,845.67,Yes
3687,Female,0,9,59.35,Two year,Credit card,534.15,Yes
3688,Female,1,25,88.62,Two year,UPI,2215.5,No
3689,Male,0,36,61.18,Month-to-month,UPI,2202.48,No
3690,Female,1,43,110.66,Month-to-month,Debit card,4758.38,Yes
3691,Female,0,28,81.53,Month-to-month,Credit card,2282.84,Yes
3692,Female,0,64,35.38,Month-to-month,Net Banking,2264.32,No
3693,Male,0,45,68.74,Two year,Credit card,3093.3,No
3694,Female,0,56,96.48,One year,Debit card,5402.88,No
3695,Male,1,48,84.33,Two year,UPI,4047.84,No
3696,Male,0,8,108.53,Two year,Credit card,868.24,Yes
3697,Male,1,14,95.0,One year,UPI,1330.0,Yes
3698,Male,0,15,26.16,One year,Net Banking,392.4,Yes
3699,Male,1,39,31.25,Two year,Debit card,1218.75,No
3700,Female,0,25,84.97,One year,UPI,2124.25,No
3701,Female,0,63,43.84,Month-to-month,Credit card,2761.92,Yes
3702,Male,0,59,78.78,One year,Debit card,4648.02,Yes
3703,Male,1,29,99.22,Month-to-month,Net Banking,2877.38,Yes
3704,Male,0,3,77.69,Two year,Credit card,233.07,Yes
3705,Male,0,39,61.55,Month-to-month,UPI,2400.45,No
3706,Male,0,22,84.63,Month-to-month,UPI,1861.86,Yes
3707,Female,0,41,34.36,Month-to-month,Debit card,1408.76,No
3708,Male,1,20,92.32,Two year,Net Banking,1846.4,No
3709,Male,0,19,89.7,Two year,Credit card,1704.3,No
3710,Male,0,13,71.44,One year,Net Banking,928.72,No
3711,Female,1,19,47.88,Month-to-month,Credit card,909.72,No
3712,Female,0,66,99.76,Month-to-month,Credit card,6584.16,Yes
3713,Female,1,65,71.06,Month-to-month,Debit card,4618.9,No
3714,Male,0,3,25.92,Two year,UPI,77.76,Yes
3715,Male,1,24,111.86,Two year,UPI,2684.64,No
3716,Female,0,38,96.77,Two year,UPI,3677.26,No
3717,Female,0,2,78.48,One year,Net Banking,156.96,Yes
3718,Female,0,56,63.68,Two year,Credit card,3566.08,No
3719,Male,0,37,115.99,Month-to-month,Debit card,4291.63,Yes
3720,Male,0,4,97.5,Month-to-month,Net Banking,390.0,Yes
3721,Female,0,44,73.5,Two year,Credit card,3234.0,No
3722,Female,0,45,85.32,Month-to-month,Debit card,3839.4,Yes
3723,Male,0,47,48.08,One year,Credit card,2259.76,No
3724,Female,1,26,39.57,One year,Debit card,1028.82,No
3725,Male,0,9,47.33,Month-to-month,Net Banking,425.97,Yes
3726,Female,0,48,49.31,Month-to-month,Credit card,2366.88,Yes
3727,Male,0,31,93.97,Month-to-month,Credit card,2913.07,Yes
3728,Male,0,55,34.01,One year,Net Banking,1870.55,No
3729,Female,0,1,97.76,Month-to-month,Debit card,97.76,Yes
3730,Male,1,59,72.34,Month-to-month,UPI,4268.06,Yes
3731,Male,1,11,58.46,One year,UPI,643.06,Yes
3732,Female,0,2,50.04,Month-to-month,Debit card,100.08,Yes
3733,Male,0,46,71.32,Month-to-month,Debit card,3280.72,Yes
3734,Female,0,1,51.75,Month-to-month,UPI,51.75,Yes
3735,Male,0,70,62.95,Month-to-month,Credit card,4406.5,Yes
3736,Female,0,71,93.9,One year,Net Banking,6666.9,No
3737,Male,0,66,82.6,Two year,UPI,5451.6,No
3738,Male,0,2,94.8,Month-to-month,Debit card,189.6,Yes
3739,Female,1,69,91.3,Two year,Credit card,6299.7,No
3740,Female,0,13,101.51,Month-to-month,Debit card,1319.63,Yes
3741,Male,0,19,40.17,One year,UPI,763.23,No
3742,Female,1,47,119.51,Two year,Net Banking,5616.97,No
3743,Female,0,1,67.58,Month-to-month,Net Banking,67.58,Yes
3744,Male,0,18,91.82,Month-to-month,Credit card,1652.76,Yes
3745,Female,0,32,87.78,Month-to-month,Net Banking,2808.96,Yes
3746,Male,0,11,76.62,One year,UPI,842.82,Yes
3747,Female,0,20,119.58,Month-to-month,UPI,2391.6,Yes
3748,Male,0,8,41.73,Month-to-month,UPI,333.84,Yes
3749,Female,0,38,62.17,Month-to-month,Credit card,2362.46,No
3750,Male,1,6,32.77,Month-to-month,UPI,196.62,Yes
3751,Male,0,2,38.18,One year,Net Banking,76.36,Yes
3752,Female,0,55,91.3,One year,Credit card,5021.5,Yes
3753,Female,0,3,20.48,One year,UPI,61.44,Yes
3754,Male,0,66,108.98,Month-to-month,UPI,7192.68,Yes
3755,Female,0,26,83.32,Month-to-month,Debit card,2166.32,Yes
3756,Male,0,48,64.09,Month-to-month,UPI,3076.32,Yes
3757,Male,0,8,53.14,One year,Credit card,425.12,Yes
3758,Female,0,67,32.63,Month-to-month,Debit card,2186.21,No
3759,Female,1,69,112.16,Two year,Credit card,7739.04,No
3760,Female,1,30,91.23,Month-to-month,UPI,2736.9,Yes
3761,Male,0,27,53.64,Two year,Net Banking,1448.28,No
3762,Female,0,43,27.09,One year,Debit card,1164.87,No
3763,Female,0,5,52.57,One year,Debit card,262.85,Yes
3764,Female,0,20,38.46,Month-to-month,Debit card,769.2,No
3765,Male,0,52,98.63,Month-to-month,Credit card,5128.76,Yes
3766,Female,1,21,91.96,One year,Debit card,1931.16,Yes
3767,Female,0,3,69.82,One year,Net Banking,209.46,Yes
3768,Male,1,41,108.58,Month-to-month,Net Banking,4451.78,Yes
3769,Female,0,64,38.07,Month-to-month,Debit card,2436.48,No
3770,Male,0,68,65.2,One year,Credit card,4433.6,No
3771,Female,0,71,91.06,Two year,Credit card,6465.26,No
3772,Male,0,24,26.78,Month-to-month,Credit card,642.72,Yes
3773,Male,0,52,57.27,Month-to-month,UPI,2978.04,No
3774,Male,0,2,77.17,Two year,Credit card,154.34,Yes
3775,Female,0,44,56.68,One year,Credit card,2493.92,Yes
3776,Female,1,41,68.02,Month-to-month,Debit card,2788.82,Yes
3777,Male,0,70,80.81,Month-to-month,UPI,5656.7,Yes
3778,Female,0,7,56.84,One year,Debit card,397.88,Yes
3779,Female,0,38,30.6,Month-to-month,Credit card,1162.8,No
3780,Female,1,45,33.94,Month-to-month,Credit card,1527.3,No
3781,Male,1,9,72.7,One year,Debit card,654.3,Yes
3782,Female,0,53,37.47,Month-to-month,UPI,1985.91,No
3783,Male,1,28,108.98,Month-to-month,UPI,3051.44,Yes
3784,Male,0,19,103.42,Month-to-month,Debit card,1964.98,Yes
3785,Female,0,68,54.9,One year,Credit card,3733.2,No
3786,Female,0,4,103.1,Month-to-month,UPI,412.4,Yes
3787,Male,0,13,73.32,Month-to-month,UPI,953.16,No
3788,Female,1,11,35.91,Month-to-month,Net Banking,395.01,Yes
3789,Female,0,2,81.42,Month-to-month,Debit card,162.84,Yes
3790,Male,0,70,87.95,One year,UPI,6156.5,Yes
3791,Female,1,12,28.39,Two year,Net Banking,340.68,No
3792,Male,1,37,51.45,One year,Net Banking,1903.65,Yes
3793,Male,0,56,20.54,Month-to-month,Net Banking,1150.24,No
3794,Female,0,52,51.64,Month-to-month,Credit card,2685.28,No
3795,Male,0,4,53.54,Month-to-month,Debit card,214.16,Yes
3796,Female,0,4,83.02,Month-to-month,UPI,332.08,Yes
3797,Female,0,49,39.9,Month-to-month,Net Banking,1955.1,No
3798,Female,0,52,23.01,Month-to-month,Credit card,1196.52,No
3799,Male,0,34,51.56,Two year,Credit card,1753.04,No
3800,Male,1,22,102.56,Two year,Debit card,2256.32,No
3801,Male,1,13,59.91,One year,Debit card,778.83,Yes
3802,Female,0,63,61.51,Month-to-month,Credit card,3875.13,No
3803,Female,0,15,66.9,One year,Credit card,1003.5,No
3804,Male,1,40,95.18,Month-to-month,Net Banking,3807.2,Yes
3805,Female,0,38,68.0,Month-to-month,Net Banking,2584.0,Yes
3806,Female,0,55,29.13,Month-to-month,UPI,1602.15,No
3807,Male,0,44,40.64,Month-to-month,Net Banking,1788.16,Yes
3808,Male,0,66,38.79,Month-to-month,Net Banking,2560.14,Yes
3809,Male,0,66,70.79,Month-to-month,Net Banking,4672.14,Yes
3810,Female,0,43,22.99,Month-to-month,UPI,988.57,Yes
3811,Female,0,38,48.36,Two year,UPI,1837.68,No
3812,Female,1,29,80.72,Month-to-month,UPI,2340.88,Yes
3813,Male,1,56,55.47,Month-to-month,UPI,3106.32,Yes
3814,Male,1,6,90.77,Month-to-month,Net Banking,544.62,Yes
3815,Male,1,9,59.12,Month-to-month,Debit card,532.08,Yes
3816,Male,0,22,117.93,One year,UPI,2594.46,Yes
3817,Female,0,46,116.54,Month-to-month,UPI,5360.84,Yes
3818,Male,0,31,99.98,Month-to-month,UPI,3099.38,Yes
3819,Female,0,21,115.44,One year,Net Banking,2424.24,Yes
3820,Male,0,38,40.48,One year,Credit card,1538.24,Yes
3821,Female,0,52,95.09,Month-to-month,Net Banking,4944.68,Yes
3822,Male,1,19,52.17,Month-to-month,UPI,991.23,Yes
3823,Female,0,10,92.53,Two year,Net Banking,925.3,Yes
3824,Female,0,46,57.39,One year,Debit card,2639.94,Yes
3825,Male,0,66,48.94,Two year,Net Banking,3230.04,No
3826,Female,0,38,115.88,Two year,Credit card,4403.44,No
3827,Male,1,62,40.99,One year,Credit card,2541.38,No
3828,Female,0,46,95.86,Month-to-month,UPI,4409.56,Yes
3829,Male,0,35,87.47,One year,Credit card,3061.45,No
3830,Male,1,43,50.35,One year,UPI,2165.05,No
3831,Male,0,30,65.83,Month-to-month,Net Banking,1974.9,Yes
3832,Female,0,63,34.29,One year,Net Banking,2160.27,No
3833,Female,0,30,112.12,One year,UPI,3363.6,No
3834,Male,0,29,116.81,Month-to-month,UPI,3387.49,Yes
3835,Female,0,66,93.25,Month-to-month,Net Banking,6154.5,Yes
3836,Male,1,22,104.94,Month-to-month,Debit card,2308.68,Yes
3837,Female,1,35,28.26,Two year,Credit card,989.1,No
3838,Male,0,42,58.4,Two year,Credit card,2452.8,No
3839,Male,0,24,53.08,Month-to-month,Credit card,1273.92,No
3840,Male,1,26,76.5,Month-to-month,Credit card,1989.0,No
3841,Male,0,31,38.34,Month-to-month,Net Banking,1188.54,Yes
3842,Male,1,2,76.34,Month-to-month,Credit card,152.68,Yes
3843,Female,0,39,85.44,Month-to-month,Net Banking,3332.16,Yes
3844,Female,0,12,33.24,Month-to-month,UPI,398.88,No
3845,Female,0,44,33.17,Month-to-month,Net Banking,1459.48,No
3846,Female,0,43,23.54,Month-to-month,UPI,1012.22,No
3847,Male,0,67,96.09,One year,UPI,6438.03,No
3848,Male,0,38,53.1,Two year,Debit card,2017.8,No
3849,Male,0,66,42.54,Month-to-month,Debit card,2807.64,No
3850,Female,0,40,97.81,Month-to-month,Debit card,3912.4,Yes
3851,Male,0,22,34.33,Two year,Debit card,755.26,No
3852,Female,0,63,62.72,Two year,Credit card,3951.36,No
3853,Female,0,59,94.48,Month-to-month,Debit card,5574.32,Yes
3854,Female,1,19,77.38,Month-to-month,Credit card,1470.22,No
3855,Male,1,20,75.4,Month-to-month,Credit card,1508.0,Yes
3856,Female,1,43,35.75,Month-to-month,Credit card,1537.25,No
3857,Female,0,58,38.09,Month-to-month,UPI,2209.22,Yes
3858,Female,1,54,78.26,Month-to-month,UPI,4226.04,Yes
3859,Female,0,40,22.36,One year,Credit card,894.4,No
3860,Female,0,27,106.91,Month-to-month,Debit card,2886.57,Yes
3861,Male,0,13,55.05,One year,Credit card,715.65,Yes
3862,Female,1,47,61.66,Month-to-month,UPI,2898.02,No
3863,Female,0,23,45.84,Month-to-month,Debit card,1054.32,No
3864,Female,0,59,107.67,One year,UPI,6352.53,No
3865,Male,0,7,84.25,One year,Debit card,589.75,Yes
3866,Female,0,50,64.99,Month-to-month,UPI,3249.5,Yes
3867,Male,1,66,78.53,Month-to-month,Credit card,5182.98,Yes
3868,Female,0,3,58.04,Month-to-month,Net Banking,174.12,Yes
3869,Male,0,39,66.56,Month-to-month,Net Banking,2595.84,No
3870,Male,0,7,55.76,Month-to-month,UPI,390.32,Yes
3871,Male,0,68,61.07,Month-to-month,Debit card,4152.76,No
3872,Female,0,55,51.5,Month-to-month,UPI,2832.5,Yes
3873,Female,0,8,27.76,Month-to-month,Net Banking,222.08,Yes
3874,Female,0,32,23.73,One year,Debit card,759.36,No
3875,Female,0,19,37.41,Month-to-month,UPI,710.79,No
3876,Male,1,12,45.16,Month-to-month,Net Banking,541.92,No
3877,Female,1,57,109.05,One year,UPI,6215.85,No
3878,Female,0,10,81.12,One year,Credit card,811.2,Yes
3879,Male,0,21,115.83,Month-to-month,Debit card,2432.43,Yes
3880,Male,0,20,53.96,Month-to-month,Debit card,1079.2,Yes
3881,Male,0,4,60.17,One year,Credit card,240.68,Yes
3882,Male,0,19,91.98,Two year,Net Banking,1747.62,No
3883,Female,0,29,77.79,Month-to-month,UPI,2255.91,No
3884,Female,1,71,72.79,One year,Net Banking,5168.09,No
3885,Male,0,64,77.56,Two year,Debit card,4963.84,No
3886,Male,0,11,78.41,Month-to-month,Net Banking,862.51,Yes
3887,Female,0,33,96.57,Month-to-month,Debit card,3186.81,Yes
3888,Male,0,25,86.81,One year,Debit card,2170.25,Yes
3889,Male,0,33,115.73,Month-to-month,Credit card,3819.09,Yes
3890,Male,0,26,114.8,Month-to-month,Credit card,2984.8,Yes
3891,Female,1,36,62.19,Month-to-month,Debit card,2238.84,No
3892,Female,0,11,23.57,Month-to-month,UPI,259.27,Yes
3893,Female,0,30,21.11,Month-to-month,UPI,633.3,No
3894,Male,0,57,32.32,One year,Credit card,1842.24,No
3895,Female,0,10,27.49,Two year,UPI,274.9,Yes
3896,Male,1,25,57.34,Month-to-month,Credit card,1433.5,No
3897,Female,0,68,25.29,Month-to-month,Debit card,1719.72,No
3898,Male,0,57,82.49,One year,Debit card,4701.93,No
3899,Male,0,34,39.02,Month-to-month,Debit card,1326.68,No
3900,Female,0,54,71.4,One year,Credit card,3855.6,No
3901,Female,1,51,30.31,One year,UPI,1545.81,No
3902,Male,0,6,102.77,Two year,Debit card,616.62,Yes
3903,Male,0,59,98.0,Month-to-month,Net Banking,5782.0,Yes
3904,Male,0,54,58.65,Month-to-month,UPI,3167.1,Yes
3905,Male,0,17,111.06,Month-to-month,UPI,1888.02,Yes
3906,Male,0,26,38.57,Month-to-month,Credit card,1002.82,Yes
3907,Female,0,9,101.39,Two year,Credit card,912.51,Yes
3908,Male,0,2,74.59,Two year,UPI,149.18,Yes
3909,Female,1,20,52.96,Two year,UPI,1059.2,No
3910,Female,0,6,28.44,Month-to-month,Debit card,170.64,Yes
3911,Female,0,55,37.13,One year,Debit card,2042.15,No
3912,Female,0,48,106.29,Month-to-month,Net Banking,5101.92,Yes
3913,Male,0,58,80.69,Two year,Debit card,4680.02,No
3914,Female,0,42,43.71,Month-to-month,UPI,1835.82,No
3915,Female,0,21,69.59,Month-to-month,Credit card,1461.39,No
3916,Female,0,6,30.78,One year,Net Banking,184.68,Yes
3917,Male,0,30,29.88,One year,UPI,896.4,No
3918,Female,0,23,110.78,One year,Net Banking,2547.94,No
3919,Female,0,36,65.79,Month-to-month,Net Banking,2368.44,No
3920,Female,0,3,56.16,Two year,Net Banking,168.48,Yes
3921,Male,1,34,114.91,One year,Debit card,3906.94,Yes
3922,Male,0,30,59.9,One year,Debit card,1797.0,No
3923,Male,0,42,53.62,Month-to-month,Credit card,2252.04,Yes
3924,Female,1,21,47.3,One year,UPI,993.3,Yes
3925,Male,0,4,76.51,Month-to-month,Net Banking,306.04,Yes
3926,Male,0,49,75.84,Month-to-month,Debit card,3716.16,No
3927,Male,0,48,21.62,Month-to-month,Credit card,1037.76,Yes
3928,Female,0,51,85.41,One year,Debit card,4355.91,Yes
3929,Male,0,24,98.83,Month-to-month,Credit card,2371.92,Yes
3930,Female,0,46,81.6,Month-to-month,UPI,3753.6,Yes
3931,Female,0,27,106.99,One year,Net Banking,2888.73,No
3932,Female,0,51,47.64,Month-to-month,Credit card,2429.64,No
3933,Female,0,20,39.2,Month-to-month,Net Banking,784.0,No
3934,Male,0,71,89.73,Two year,UPI,6370.83,No
3935,Male,1,18,38.86,Month-to-month,UPI,699.48,No
3936,Female,0,8,29.11,Month-to-month,Debit card,232.88,Yes
3937,Female,0,27,29.66,Month-to-month,UPI,800.82,No
3938,Female,0,14,96.84,Month-to-month,Net Banking,1355.76,Yes
3939,Female,0,18,22.87,Month-to-month,Debit card,411.66,No
3940,Male,1,65,48.95,Two year,Net Banking,3181.75,No
3941,Male,0,31,32.92,One year,Debit card,1020.52,No
3942,Female,0,20,95.49,Month-to-month,Net Banking,1909.8,Yes
3943,Male,0,70,70.35,Month-to-month,UPI,4924.5,No
3944,Male,0,45,40.55,Month-to-month,Credit card,1824.75,Yes
3945,Male,0,1,95.04,Month-to-month,UPI,95.04,Yes
3946,Male,0,19,95.04,Two year,Net Banking,1805.76,No
3947,Female,0,39,72.3,Month-to-month,UPI,2819.7,No
3948,Male,0,27,47.58,One year,Credit card,1284.66,Yes
3949,Female,0,56,78.63,One year,Net Banking,4403.28,Yes
3950,Male,0,16,113.35,One year,Net Banking,1813.6,No
3951,Male,0,7,25.16,Month-to-month,Debit card,176.12,Yes
3952,Female,0,20,46.69,Month-to-month,Debit card,933.8,No
3953,Male,0,31,48.5,Month-to-month,UPI,1503.5,No
3954,Female,0,25,83.18,One year,Credit card,2079.5,No
3955,Male,0,1,85.12,Month-to-month,Credit card,85.12,Yes
3956,Female,0,17,40.63,Month-to-month,Credit card,690.71,No
3957,Male,0,27,41.61,One year,Credit card,1123.47,No
3958,Female,0,24,112.82,Month-to-month,Net Banking,2707.68,Yes
3959,Male,0,62,95.63,Month-to-month,UPI,5929.06,Yes
3960,Female,0,52,113.43,Month-to-month,Net Banking,5898.36,Yes
3961,Male,0,51,102.97,Month-to-month,UPI,5251.47,Yes
3962,Female,0,66,60.21,Two year,Debit card,3973.86,No
3963,Female,1,57,32.19,Month-to-month,Credit card,1834.83,Yes
3964,Male,0,55,82.96,Month-to-month,UPI,4562.8,Yes
3965,Female,0,53,55.2,Two year,Net Banking,2925.6,No
3966,Female,1,19,62.54,Month-to-month,Net Banking,1188.26,No
3967,Male,0,13,62.59,Month-to-month,Net Banking,813.67,Yes
3968,Male,0,29,113.65,Month-to-month,Net Banking,3295.85,Yes
3969,Male,0,6,26.89,Two year,UPI,161.34,Yes
3970,Female,0,1,39.31,One year,Credit card,39.31,Yes
3971,Female,1,24,80.79,Month-to-month,Net Banking,1938.96,Yes
3972,Male,0,6,108.38,Month-to-month,Credit card,650.28,Yes
3973,Female,1,48,111.79,Two year,Debit card,5365.92,No
3974,Male,0,20,75.87,Month-to-month,Credit card,1517.4,No
3975,Female,1,67,23.46,Month-to-month,Debit card,1571.82,No
3976,Male,0,55,56.29,One year,Debit card,3095.95,Yes
3977,Female,1,18,111.88,One year,Credit card,2013.84,No
3978,Male,0,21,69.99,Two year,Credit card,1469.79,No
3979,Male,0,64,92.66,One year,UPI,5930.24,No
3980,Male,0,37,46.92,Two year,Net Banking,1736.04,No
3981,Female,0,19,22.5,One year,Credit card,427.5,No
3982,Female,0,56,77.84,Month-to-month,Credit card,4359.04,No
3983,Female,0,62,103.5,Month-to-month,Debit card,6417.0,Yes
3984,Male,0,18,119.03,Two year,Credit card,2142.54,No
3985,Female,0,30,104.66,Month-to-month,Net Banking,3139.8,Yes
3986,Female,0,56,75.4,One year,UPI,4222.4,No
3987,Male,0,42,80.87,One year,Net Banking,3396.54,No
3988,Male,0,53,102.42,Month-to-month,Net Banking,5428.26,Yes
3989,Male,0,50,21.98,Month-to-month,UPI,1099.0,Yes
3990,Male,0,4,115.16,Month-to-month,Credit card,460.64,Yes
3991,Female,0,63,73.12,Month-to-month,Credit card,4606.56,No
3992,Male,1,67,115.21,One year,Debit card,7719.07,No
3993,Female,0,56,96.45,Month-to-month,Credit card,5401.2,Yes
3994,Male,0,49,35.23,Two year,Debit card,1726.27,No
3995,Female,0,22,36.53,Month-to-month,Credit card,803.66,No
3996,Male,0,12,55.36,One year,Debit card,664.32,No
3997,Male,0,49,46.4,Month-to-month,UPI,2273.6,Yes
3998,Male,0,13,63.93,Month-to-month,Credit card,831.09,No
3999,Male,0,33,80.39,Month-to-month,Credit card,2652.87,Yes
4000,Male,0,47,63.66,Month-to-month,Net Banking,2992.02,Yes
4001,Female,0,64,25.64,One year,Debit card,1640.96,Yes
4002,Female,0,17,117.56,Two year,Debit card,1998.52,No
4003,Female,0,34,62.51,Month-to-month,Net Banking,2125.34,No
4004,Female,1,68,105.11,Month-to-month,Credit card,7147.48,Yes
4005,Female,1,39,27.4,One year,Debit card,1068.6,No
4006,Male,1,1,101.01,Two year,Credit card,101.01,Yes
4007,Male,1,5,37.34,Month-to-month,UPI,186.7,Yes
4008,Female,0,40,87.94,Month-to-month,Debit card,3517.6,Yes
4009,Female,0,63,86.18,Month-to-month,Credit card,5429.34,Yes
4010,Female,0,1,110.98,Month-to-month,UPI,110.98,Yes
4011,Female,0,35,52.07,Month-to-month,Credit card,1822.45,No
4012,Female,1,17,30.9,Month-to-month,Credit card,525.3,No
4013,Male,0,60,106.46,Month-to-month,UPI,6387.6,Yes
4014,Female,0,1,53.16,Month-to-month,Debit card,53.16,Yes
4015,Male,0,4,43.25,Month-to-month,Net Banking,173.0,Yes
4016,Female,0,9,68.62,Month-to-month,Net Banking,617.58,Yes
4017,Male,0,45,34.61,Month-to-month,UPI,1557.45,No
4018,Female,0,32,49.7,Month-to-month,Credit card,1590.4,Yes
4019,Female,1,69,58.53,Month-to-month,Net Banking,4038.57,No
4020,Male,0,14,47.73,Month-to-month,UPI,668.22,No
4021,Male,0,51,65.03,One year,Net Banking,3316.53,Yes
4022,Male,0,23,58.47,Month-to-month,Credit card,1344.81,No
4023,Female,0,46,97.46,One year,UPI,4483.16,Yes
4024,Female,0,27,111.84,Month-to-month,Debit card,3019.68,Yes
4025,Female,0,36,30.09,Month-to-month,UPI,1083.24,No
4026,Female,0,68,102.33,One year,UPI,6958.44,No
4027,Male,0,32,113.18,Month-to-month,Net Banking,3621.76,Yes
4028,Male,0,66,88.66,Month-to-month,Net Banking,5851.56,Yes
4029,Male,0,42,119.64,Month-to-month,Debit card,5024.88,Yes
4030,Male,1,50,53.5,Month-to-month,Net Banking,2675.0,Yes
4031,Male,0,57,103.03,Month-to-month,Net Banking,5872.71,Yes
4032,Male,0,64,87.37,One year,Net Banking,5591.68,Yes
4033,Male,1,46,52.34,Month-to-month,Credit card,2407.64,No
4034,Female,0,54,90.47,Two year,UPI,4885.38,No
4035,Female,0,53,70.96,Month-to-month,Net Banking,3760.88,Yes
4036,Male,0,29,38.9,Month-to-month,Credit card,1128.1,No
4037,Male,1,37,37.39,Two year,UPI,1383.43,No
4038,Female,1,69,91.34,Month-to-month,Debit card,6302.46,Yes
4039,Male,0,14,91.19,Two year,UPI,1276.66,No
4040,Female,0,27,73.08,Month-to-month,Credit card,1973.16,No
4041,Female,0,5,70.14,Month-to-month,Credit card,350.7,Yes
4042,Male,1,44,38.0,Month-to-month,Debit card,1672.0,No
4043,Female,0,15,62.93,Month-to-month,Credit card,943.95,No
4044,Female,1,67,107.14,Month-to-month,Debit card,7178.38,Yes
4045,Female,0,1,105.47,Month-to-month,Debit card,105.47,Yes
4046,Male,0,24,86.09,Month-to-month,Credit card,2066.16,Yes
4047,Male,0,62,119.74,Month-to-month,Credit card,7423.88,Yes
4048,Female,0,57,109.32,Month-to-month,Net Banking,6231.24,Yes
4049,Male,0,20,34.52,Two year,Net Banking,690.4,No
4050,Female,0,58,59.91,Month-to-month,Debit card,3474.78,No
4051,Female,0,14,33.19,One year,Credit card,464.66,Yes
4052,Male,0,53,66.61,Month-to-month,Net Banking,3530.33,Yes
4053,Female,0,35,97.64,Month-to-month,Net Banking,3417.4,Yes
4054,Female,0,62,35.58,Month-to-month,Net Banking,2205.96,Yes
4055,Female,0,61,108.04,One year,Net Banking,6590.44,No
4056,Female,0,19,76.91,Two year,Debit card,1461.29,No
4057,Female,0,42,94.89,Month-to-month,UPI,3985.38,Yes
4058,Female,0,44,24.52,Month-to-month,Credit card,1078.88,Yes
4059,Female,0,1,29.38,Month-to-month,Credit card,29.38,Yes
4060,Male,0,68,82.09,One year,Net Banking,5582.12,No
4061,Male,0,46,103.82,Month-to-month,Debit card,4775.72,Yes
4062,Female,0,51,107.39,One year,UPI,5476.89,No
4063,Male,0,32,88.84,One year,UPI,2842.88,No
4064,Female,1,19,40.09,Two year,Credit card,761.71,No
4065,Female,0,39,39.5,Month-to-month,Debit card,1540.5,No
4066,Female,0,14,108.14,One year,Debit card,1513.96,No
4067,Female,0,29,31.32,Month-to-month,Credit card,908.28,Yes
4068,Male,1,42,88.61,Month-to-month,UPI,3721.62,Yes
4069,Female,0,14,73.35,Month-to-month,Debit card,1026.9,Yes
4070,Female,0,11,62.14,One year,Net Banking,683.54,Yes
4071,Male,0,47,64.03,Month-to-month,Debit card,3009.41,No
4072,Male,0,24,114.52,One year,Credit card,2748.48,No
4073,Male,0,22,106.14,One year,Credit card,2335.08,Yes
4074,Male,1,49,106.5,One year,Net Banking,5218.5,No
4075,Male,0,55,60.66,Month-to-month,UPI,3336.3,No
4076,Male,0,55,30.7,Two year,UPI,1688.5,No
4077,Female,1,70,119.78,Month-to-month,Net Banking,8384.6,Yes
4078,Female,0,35,34.53,One year,Debit card,1208.55,Yes
4079,Male,0,44,71.56,Month-to-month,Credit card,3148.64,No
4080,Male,1,36,46.46,One year,Net Banking,1672.56,No
4081,Female,1,15,71.07,Month-to-month,Credit card,1066.05,Yes
4082,Male,0,45,50.49,One year,Credit card,2272.05,No
4083,Male,0,62,109.69,Month-to-month,Net Banking,6800.78,Yes
4084,Male,0,50,116.83,One year,UPI,5841.5,No
4085,Female,0,13,61.01,Month-to-month,UPI,793.13,No
4086,Male,0,31,27.02,One year,Net Banking,837.62,No
4087,Female,0,5,86.33,Month-to-month,Net Banking,431.65,Yes
4088,Female,0,8,57.66,One year,Debit card,461.28,Yes
4089,Female,0,13,118.6,Month-to-month,Net Banking,1541.8,Yes
4090,Male,1,41,28.94,Month-to-month,Credit card,1186.54,No
4091,Male,0,17,31.91,One year,UPI,542.47,No
4092,Female,0,32,89.94,One year,Credit card,2878.08,No
4093,Female,1,5,95.86,One year,UPI,479.3,Yes
4094,Male,0,9,67.11,Two year,Credit card,603.99,Yes
4095,Female,1,34,47.73,Month-to-month,Net Banking,1622.82,Yes
4096,Male,1,1,50.98,Month-to-month,Net Banking,50.98,Yes
4097,Female,1,40,53.8,Month-to-month,Debit card,2152.0,Yes
4098,Male,0,54,42.53,Month-to-month,UPI,2296.62,No
4099,Male,0,32,105.06,Month-to-month,Net Banking,3361.92,Yes
4100,Female,0,50,26.51,One year,UPI,1325.5,No
4101,Female,0,59,60.73,Month-to-month,Net Banking,3583.07,No
4102,Male,0,62,94.76,Month-to-month,Debit card,5875.12,Yes
4103,Female,0,11,20.38,Month-to-month,Net Banking,224.18,Yes
4104,Female,0,23,107.8,Month-to-month,Net Banking,2479.4,Yes
4105,Female,0,26,90.63,Month-to-month,Debit card,2356.38,Yes
4106,Male,0,63,27.34,Month-to-month,Credit card,1722.42,No
4107,Female,0,46,109.5,Two year,UPI,5037.0,No
4108,Female,1,69,68.73,Month-to-month,Credit card,4742.37,Yes
4109,Female,0,6,85.22,Two year,Credit card,511.32,Yes
4110,Female,0,51,108.2,Month-to-month,Credit card,5518.2,Yes
4111,Male,0,43,108.12,Month-to-month,UPI,4649.16,Yes
4112,Female,1,42,60.87,Month-to-month,Debit card,2556.54,No
4113,Male,1,13,43.77,One year,Net Banking,569.01,No
4114,Male,1,25,45.74,Two year,Net Banking,1143.5,No
4115,Female,1,2,96.59,Month-to-month,Credit card,193.18,Yes
4116,Female,0,14,112.94,Month-to-month,UPI,1581.16,Yes
4117,Male,0,17,27.22,Month-to-month,Credit card,462.74,Yes
4118,Female,0,40,21.5,Month-to-month,Debit card,860.0,No
4119,Female,0,39,102.29,One year,Net Banking,3989.31,No
4120,Male,0,25,58.66,Month-to-month,Net Banking,1466.5,Yes
4121,Female,0,48,47.64,Month-to-month,Net Banking,2286.72,No
4122,Female,0,49,38.84,Two year,Net Banking,1903.16,No
4123,Female,0,33,54.65,Month-to-month,Debit card,1803.45,No
4124,Male,0,27,117.15,One year,UPI,3163.05,No
4125,Female,0,45,117.71,One year,UPI,5296.95,No
4126,Male,0,31,53.15,Month-to-month,Debit card,1647.65,No
4127,Male,0,63,116.37,Month-to-month,Net Banking,7331.31,Yes
4128,Male,0,38,49.99,Month-to-month,UPI,1899.62,No
4129,Female,0,40,105.45,Two year,Debit card,4218.0,No
4130,Female,1,58,41.2,One year,Credit card,2389.6,No
4131,Male,0,65,102.65,Month-to-month,Debit card,6672.25,Yes
4132,Male,0,11,55.37,One year,Net Banking,609.07,Yes
4133,Female,0,15,39.57,One year,Net Banking,593.55,Yes
4134,Female,0,57,113.48,Month-to-month,Net Banking,6468.36,Yes
4135,Male,0,25,41.42,Month-to-month,Credit card,1035.5,Yes
4136,Female,0,39,119.18,One year,UPI,4648.02,No
4137,Male,0,33,30.86,Month-to-month,Net Banking,1018.38,No
4138,Male,1,29,21.0,Two year,Credit card,609.0,No
4139,Female,0,58,107.08,One year,Debit card,6210.64,No
4140,Female,0,11,78.66,Month-to-month,UPI,865.26,Yes
4141,Female,0,13,62.16,Two year,UPI,808.08,No
4142,Male,0,69,28.2,Month-to-month,Debit card,1945.8,No
4143,Female,0,21,77.49,Two year,UPI,1627.29,No
4144,Female,1,3,59.37,Month-to-month,Debit card,178.11,Yes
4145,Male,0,26,68.36,One year,Credit card,1777.36,No
4146,Male,1,33,83.04,One year,Net Banking,2740.32,No
4147,Female,0,22,83.99,Month-to-month,Credit card,1847.78,Yes
4148,Female,0,62,116.06,Month-to-month,Net Banking,7195.72,Yes
4149,Male,1,5,85.51,Month-to-month,UPI,427.55,Yes
4150,Male,0,19,53.94,Month-to-month,Debit card,1024.86,No
4151,Female,0,9,52.96,Month-to-month,Debit card,476.64,Yes
4152,Female,0,58,67.72,Two year,Credit card,3927.76,No
4153,Male,0,24,45.93,One year,Credit card,1102.32,No
4154,Female,0,39,57.64,Month-to-month,UPI,2247.96,Yes
4155,Male,1,61,104.21,One year,Debit card,6356.81,No
4156,Male,0,48,105.98,Month-to-month,Net Banking,5087.04,Yes
4157,Female,0,50,82.78,Two year,UPI,4139.0,No
4158,Female,1,62,78.28,Month-to-month,UPI,4853.36,No
4159,Male,0,53,62.71,Month-to-month,UPI,3323.63,No
4160,Male,0,21,83.59,Month-to-month,Debit card,1755.39,Yes
4161,Male,1,38,100.61,Two year,Credit card,3823.18,No
4162,Female,0,59,93.78,Month-to-month,Debit card,5533.02,Yes
4163,Male,0,43,23.55,Month-to-month,Net Banking,1012.65,Yes
4164,Male,1,17,93.11,Month-to-month,Debit card,1582.87,Yes
4165,Male,0,69,91.99,Month-to-month,Net Banking,6347.31,Yes
4166,Female,0,44,29.9,Month-to-month,Net Banking,1315.6,Yes
4167,Male,0,63,35.02,One year,Net Banking,2206.26,No
4168,Female,0,23,98.79,Month-to-month,Debit card,2272.17,Yes
4169,Female,0,68,75.9,Month-to-month,Net Banking,5161.2,No
4170,Male,0,26,102.16,Month-to-month,Net Banking,2656.16,Yes
4171,Male,0,48,38.47,Month-to-month,UPI,1846.56,No
4172,Male,0,47,23.06,Month-to-month,UPI,1083.82,No
4173,Female,0,46,36.19,Month-to-month,Debit card,1664.74,No
4174,Male,0,29,65.26,Month-to-month,UPI,1892.54,Yes
4175,Female,0,34,72.33,Month-to-month,UPI,2459.22,No
4176,Female,0,10,105.77,Month-to-month,Credit card,1057.7,Yes
4177,Female,0,20,91.62,Month-to-month,Debit card,1832.4,Yes
4178,Female,0,34,119.04,Month-to-month,Debit card,4047.36,Yes
4179,Female,0,13,27.87,One year,UPI,362.31,No
4180,Female,0,10,33.02,One year,Debit card,330.2,Yes
4181,Male,0,45,28.44,Month-to-month,Debit card,1279.8,No
4182,Male,0,8,73.85,Month-to-month,Debit card,590.8,Yes
4183,Female,0,5,46.69,Month-to-month,Debit card,233.45,Yes
4184,Female,0,20,88.36,Two year,UPI,1767.2,No
4185,Male,1,44,33.27,Month-to-month,Credit card,1463.88,Yes
4186,Male,0,58,30.32,Month-to-month,UPI,1758.56,No
4187,Male,0,20,66.02,Month-to-month,Credit card,1320.4,No
4188,Male,0,71,57.59,Month-to-month,Debit card,4088.89,Yes
4189,Female,0,40,102.92,Month-to-month,Net Banking,4116.8,Yes
4190,Male,0,16,103.76,One year,Debit card,1660.16,No
4191,Female,1,4,31.74,Month-to-month,Debit card,126.96,Yes
4192,Female,0,10,101.23,Month-to-month,Net Banking,1012.3,Yes
4193,Male,1,51,76.42,Two year,Debit card,3897.42,No
4194,Male,0,48,70.36,Month-to-month,Debit card,3377.28,Yes
4195,Female,0,20,29.48,Month-to-month,Net Banking,589.6,No
4196,Female,0,32,93.96,Month-to-month,Debit card,3006.72,Yes
4197,Female,0,66,25.96,Month-to-month,Debit card,1713.36,No
4198,Female,0,60,47.77,One year,Credit card,2866.2,No
4199,Male,0,11,29.54,Month-to-month,UPI,324.94,Yes
4200,Male,0,20,73.08,One year,Debit card,1461.6,No
4201,Male,0,23,84.52,One year,Debit card,1943.96,No
4202,Male,0,35,109.09,Month-to-month,Debit card,3818.15,Yes
4203,Male,0,17,93.39,Month-to-month,Credit card,1587.63,Yes
4204,Female,0,10,116.11,Month-to-month,Debit card,1161.1,Yes
4205,Female,0,38,96.09,Two year,UPI,3651.42,No
4206,Male,0,32,49.81,Month-to-month,Net Banking,1593.92,Yes
4207,Male,0,54,74.76,Month-to-month,Credit card,4037.04,Yes
4208,Female,0,57,65.79,Two year,Net Banking,3750.03,No
4209,Female,0,25,76.6,Month-to-month,Credit card,1915.0,No
4210,Male,0,14,77.21,Month-to-month,Debit card,1080.94,Yes
4211,Male,0,45,90.21,Month-to-month,Credit card,4059.45,Yes
4212,Female,0,44,28.3,Month-to-month,Debit card,1245.2,No
4213,Male,0,38,94.67,Month-to-month,Net Banking,3597.46,Yes
4214,Male,0,36,34.37,One year,Net Banking,1237.32,No
4215,Female,1,39,22.62,Month-to-month,UPI,882.18,No
4216,Female,0,39,71.89,Month-to-month,UPI,2803.71,Yes
4217,Female,0,13,78.15,Month-to-month,Credit card,1015.95,No
4218,Male,1,66,23.49,One year,Credit card,1550.34,No
4219,Female,1,34,71.54,One year,Debit card,2432.36,No
4220,Male,0,15,73.46,Month-to-month,Net Banking,1101.9,No
4221,Female,0,58,25.25,Month-to-month,Net Banking,1464.5,Yes
4222,Male,0,59,91.16,One year,Credit card,5378.44,Yes
4223,Male,0,66,41.03,Month-to-month,Net Banking,2707.98,No
4224,Female,0,52,99.45,Month-to-month,UPI,5171.4,Yes
4225,Male,0,69,51.08,Month-to-month,Credit card,3524.52,No
4226,Male,0,5,67.79,Month-to-month,UPI,338.95,Yes
4227,Female,0,43,109.19,Month-to-month,Debit card,4695.17,Yes
4228,Male,0,8,100.62,One year,UPI,804.96,Yes
4229,Female,0,63,98.19,Month-to-month,Credit card,6185.97,Yes
4230,Male,0,68,36.04,Month-to-month,UPI,2450.72,Yes
4231,Female,0,35,24.81,Month-to-month,UPI,868.35,No
4232,Female,0,71,80.58,Month-to-month,Credit card,5721.18,Yes
4233,Male,0,32,61.07,Month-to-month,Debit card,1954.24,No
4234,Female,0,24,110.91,Month-to-month,UPI,2661.84,Yes
4235,Female,0,50,54.96,Month-to-month,Credit card,2748.0,No
4236,Male,0,59,61.05,Month-to-month,UPI,3601.95,No
4237,Female,0,65,72.6,Month-to-month,UPI,4719.0,Yes
4238,Female,0,38,99.64,Two year,Net Banking,3786.32,No
4239,Female,0,38,46.83,Month-to-month,UPI,1779.54,No
4240,Female,0,21,114.18,One year,Debit card,2397.78,No
4241,Male,0,23,73.99,Month-to-month,UPI,1701.77,No
4242,Female,0,46,104.1,Month-to-month,Credit card,4788.6,Yes
4243,Female,0,69,72.56,Month-to-month,Credit card,5006.64,No
4244,Female,1,30,97.2,Month-to-month,Net Banking,2916.0,Yes
4245,Male,0,40,25.14,Month-to-month,Net Banking,1005.6,No
4246,Male,0,70,99.92,Month-to-month,UPI,6994.4,Yes
4247,Female,0,69,72.4,Month-to-month,Net Banking,4995.6,Yes
4248,Female,1,42,64.94,Month-to-month,Debit card,2727.48,No
4249,Male,0,18,31.16,One year,Net Banking,560.88,Yes
4250,Female,0,59,94.16,Month-to-month,Credit card,5555.44,Yes
4251,Female,0,13,33.12,Month-to-month,Net Banking,430.56,Yes
4252,Female,0,21,39.23,One year,Debit card,823.83,No
4253,Female,0,68,32.64,Month-to-month,Debit card,2219.52,Yes
4254,Male,1,61,20.66,One year,Net Banking,1260.26,No
4255,Male,0,38,86.19,Two year,Net Banking,3275.22,No
4256,Male,1,40,47.08,Month-to-month,Net Banking,1883.2,Yes
4257,Male,0,27,34.95,Month-to-month,Credit card,943.65,No
4258,Male,1,58,52.0,Two year,Credit card,3016.0,No
4259,Female,0,66,69.91,Month-to-month,Debit card,4614.06,No
4260,Male,0,43,70.34,Month-to-month,Net Banking,3024.62,Yes
4261,Female,0,20,56.72,Month-to-month,UPI,1134.4,No
4262,Male,0,35,69.49,Month-to-month,Debit card,2432.15,No
4263,Female,0,55,62.73,Two year,Credit card,3450.15,No
4264,Male,0,40,102.27,Month-to-month,Debit card,4090.8,Yes
4265,Male,0,46,22.96,Month-to-month,Credit card,1056.16,Yes
4266,Female,0,42,106.8,Month-to-month,UPI,4485.6,Yes
4267,Female,0,18,44.39,Month-to-month,Net Banking,799.02,No
4268,Female,0,15,92.18,Month-to-month,Net Banking,1382.7,Yes
4269,Male,0,66,60.5,Two year,Net Banking,3993.0,No
4270,Male,0,13,49.43,Two year,UPI,642.59,No
4271,Female,0,57,81.53,Month-to-month,UPI,4647.21,Yes
4272,Male,0,9,96.89,Month-to-month,UPI,872.01,Yes
4273,Female,0,66,64.99,Month-to-month,UPI,4289.34,Yes
4274,Male,0,16,66.66,Month-to-month,Credit card,1066.56,Yes
4275,Female,0,2,25.89,Month-to-month,Debit card,51.78,Yes
4276,Female,0,16,112.4,One year,UPI,1798.4,No
4277,Male,0,1,104.69,Month-to-month,Credit card,104.69,Yes
4278,Female,0,26,59.8,One year,Debit card,1554.8,Yes
4279,Male,0,44,96.5,Month-to-month,Debit card,4246.0,Yes
4280,Male,0,5,51.33,Two year,UPI,256.65,Yes
4281,Male,1,21,93.04,Month-to-month,UPI,1953.84,Yes
4282,Female,0,35,71.67,One year,Debit card,2508.45,No
4283,Female,0,54,66.08,One year,Debit card,3568.32,Yes
4284,Female,0,50,25.65,Two year,Credit card,1282.5,No
4285,Male,0,44,116.54,One year,UPI,5127.76,Yes
4286,Male,0,4,103.74,One year,Debit card,414.96,Yes
4287,Female,0,42,99.34,Month-to-month,Debit card,4172.28,Yes
4288,Male,0,41,50.49,Month-to-month,Net Banking,2070.09,Yes
4289,Male,0,36,48.96,Month-to-month,UPI,1762.56,No
4290,Male,0,24,77.32,Month-to-month,Credit card,1855.68,No
4291,Female,0,5,104.62,One year,Credit card,523.1,Yes
4292,Female,0,57,113.46,Month-to-month,Net Banking,6467.22,Yes
4293,Female,0,67,46.89,Month-to-month,UPI,3141.63,No
4294,Male,1,11,80.74,Month-to-month,Credit card,888.14,Yes
4295,Male,0,45,92.39,Month-to-month,Net Banking,4157.55,Yes
4296,Female,0,22,42.64,Month-to-month,Credit card,938.08,No
4297,Female,0,11,60.75,Month-to-month,Credit card,668.25,Yes
4298,Female,1,38,38.75,Month-to-month,Net Banking,1472.5,No
4299,Male,0,59,89.89,Month-to-month,Debit card,5303.51,Yes
4300,Female,0,4,106.38,Month-to-month,Debit card,425.52,Yes
4301,Female,1,67,107.75,Two year,Credit card,7219.25,No
4302,Female,0,10,87.01,Two year,UPI,870.1,Yes
4303,Male,0,19,54.72,Month-to-month,UPI,1039.68,No
4304,Female,0,28,86.1,Month-to-month,UPI,2410.8,Yes
4305,Male,0,17,106.43,Month-to-month,Net Banking,1809.31,Yes
4306,Female,0,24,82.59,Two year,Credit card,1982.16,No
4307,Male,1,1,61.29,Month-to-month,Net Banking,61.29,Yes
4308,Female,0,5,111.98,One year,UPI,559.9,Yes
4309,Female,1,32,103.52,Two year,Net Banking,3312.64,No
4310,Male,0,53,108.24,Two year,Debit card,5736.72,No
4311,Female,0,57,110.32,One year,UPI,6288.24,No
4312,Female,0,43,59.38,One year,UPI,2553.34,No
4313,Female,0,39,105.96,Two year,Debit card,4132.44,No
4314,Female,0,34,77.03,Two year,Debit card,2619.02,No
4315,Male,1,5,23.82,Month-to-month,Credit card,119.1,Yes
4316,Male,0,18,83.58,Two year,Net Banking,1504.44,No
4317,Male,0,4,67.06,One year,Credit card,268.24,Yes
4318,Male,1,70,47.52,Month-to-month,Credit card,3326.4,No
4319,Male,0,11,117.04,Month-to-month,Credit card,1287.44,Yes
4320,Male,0,47,25.51,One year,Credit card,1198.97,No
4321,Male,1,31,114.59,Month-to-month,Debit card,3552.29,Yes
4322,Male,0,13,35.93,One year,Debit card,467.09,No
4323,Female,1,23,57.7,Month-to-month,Net Banking,1327.1,No
4324,Female,0,65,61.72,Two year,Net Banking,4011.8,No
4325,Male,0,68,93.1,Month-to-month,Net Banking,6330.8,Yes
4326,Male,0,30,41.56,Month-to-month,Debit card,1246.8,No
4327,Male,0,31,118.61,Two year,UPI,3676.91,No
4328,Female,0,47,94.9,Month-to-month,UPI,4460.3,Yes
4329,Male,0,16,99.0,One year,Net Banking,1584.0,No
4330,Male,0,43,30.64,Month-to-month,UPI,1317.52,No
4331,Male,1,3,67.63,Two year,Credit card,202.89,Yes
4332,Male,0,12,114.56,Month-to-month,Net Banking,1374.72,Yes
4333,Female,1,11,47.01,Month-to-month,UPI,517.11,Yes
4334,Male,0,16,34.54,Two year,Credit card,552.64,No
4335,Female,0,29,68.54,Month-to-month,Credit card,1987.66,No
4336,Female,0,21,113.04,Two year,Credit card,2373.84,No
4337,Female,1,58,68.68,One year,Credit card,3983.44,No
4338,Male,0,43,60.48,Month-to-month,UPI,2600.64,No
4339,Female,0,5,85.03,Month-to-month,Debit card,425.15,Yes
4340,Male,0,52,113.69,Month-to-month,Credit card,5911.88,Yes
4341,Male,0,13,24.91,Month-to-month,Net Banking,323.83,Yes
4342,Male,1,12,35.34,Month-to-month,UPI,424.08,No
4343,Male,0,1,33.28,Month-to-month,Credit card,33.28,Yes
4344,Male,1,8,28.53,Two year,Net Banking,228.24,Yes
4345,Male,0,16,50.21,Month-to-month,Credit card,803.36,Yes
4346,Male,1,15,42.93,Month-to-month,Debit card,643.95,Yes
4347,Male,0,19,74.87,Month-to-month,Credit card,1422.53,No
4348,Female,0,25,52.73,Month-to-month,Debit card,1318.25,No
4349,Male,0,31,60.52,One year,Net Banking,1876.12,No
4350,Female,0,2,114.19,Month-to-month,UPI,228.38,Yes
4351,Male,0,59,35.57,Two year,Credit card,2098.63,No
4352,Female,0,31,58.85,One year,Debit card,1824.35,No
4353,Female,0,68,45.71,Month-to-month,Net Banking,3108.28,No
4354,Male,0,68,74.92,One year,Credit card,5094.56,Yes
4355,Female,0,12,93.63,One year,Credit card,1123.56,Yes
4356,Male,0,17,101.7,One year,Credit card,1728.9,No
4357,Female,0,29,71.53,Month-to-month,Debit card,2074.37,Yes
4358,Male,1,36,105.49,Month-to-month,UPI,3797.64,Yes
4359,Female,0,63,98.51,Month-to-month,Net Banking,6206.13,Yes
4360,Female,0,15,35.7,Month-to-month,Debit card,535.5,Yes
4361,Male,0,30,44.54,Month-to-month,UPI,1336.2,No
4362,Female,0,51,87.17,One year,Net Banking,4445.67,No
4363,Male,0,11,117.48,Month-to-month,Debit card,1292.28,Yes
4364,Male,0,57,57.61,Month-to-month,Debit card,3283.77,Yes
4365,Female,0,13,42.98,Month-to-month,UPI,558.74,No
4366,Female,0,55,106.91,Month-to-month,Net Banking,5880.05,Yes
4367,Female,1,63,39.96,Month-to-month,UPI,2517.48,No
4368,Male,0,2,89.74,One year,UPI,179.48,Yes
4369,Male,1,56,23.42,Two year,Debit card,1311.52,No
4370,Male,1,7,21.9,Month-to-month,UPI,153.3,Yes
4371,Male,0,43,65.16,Month-to-month,Credit card,2801.88,Yes
4372,Female,0,31,85.65,One year,Credit card,2655.15,No
4373,Male,0,61,34.24,Month-to-month,Credit card,2088.64,No
4374,Male,0,22,96.39,Month-to-month,Credit card,2120.58,Yes
4375,Female,0,62,32.87,Month-to-month,Net Banking,2037.94,No
4376,Female,0,28,73.37,Month-to-month,UPI,2054.36,No
4377,Female,0,25,50.83,One year,UPI,1270.75,Yes
4378,Male,0,65,95.23,Two year,Credit card,6189.95,No
4379,Female,1,32,100.41,Month-to-month,Net Banking,3213.12,Yes
4380,Female,1,48,26.61,Month-to-month,UPI,1277.28,No
4381,Male,0,24,39.26,Month-to-month,Credit card,942.24,No
4382,Male,0,42,109.26,Month-to-month,Debit card,4588.92,Yes
4383,Male,0,70,61.56,Two year,UPI,4309.2,No
4384,Male,1,36,67.67,Month-to-month,Debit card,2436.12,Yes
4385,Female,1,31,36.8,Month-to-month,UPI,1140.8,Yes
4386,Male,0,27,119.49,Month-to-month,UPI,3226.23,Yes
4387,Female,0,66,112.3,Month-to-month,UPI,7411.8,Yes
4388,Female,0,45,20.2,Month-to-month,Debit card,909.0,No
4389,Male,0,44,75.07,Month-to-month,Net Banking,3303.08,Yes
4390,Male,0,57,107.23,One year,Debit card,6112.11,No
4391,Male,0,21,63.05,Month-to-month,Credit card,1324.05,No
4392,Male,1,55,63.68,One year,Net Banking,3502.4,No
4393,Female,0,15,57.93,Two year,Debit card,868.95,No
4394,Male,0,34,22.88,Two year,Debit card,777.92,No
4395,Male,0,3,99.03,Month-to-month,Credit card,297.09,Yes
4396,Female,0,1,65.68,One year,Debit card,65.68,Yes
4397,Female,0,24,73.11,One year,Net Banking,1754.64,No
4398,Female,1,43,45.57,Month-to-month,Debit card,1959.51,Yes
4399,Male,0,27,98.41,One year,Net Banking,2657.07,No
4400,Female,0,9,99.37,Month-to-month,Credit card,894.33,Yes
4401,Female,0,17,75.29,One year,Net Banking,1279.93,No
4402,Female,0,39,110.46,Month-to-month,Debit card,4307.94,Yes
4403,Male,0,55,31.59,One year,Credit card,1737.45,Yes
4404,Female,0,68,98.66,Month-to-month,Net Banking,6708.88,Yes
4405,Male,0,45,75.86,Month-to-month,Net Banking,3413.7,No
4406,Female,0,28,43.1,Month-to-month,UPI,1206.8,Yes
4407,Female,0,56,33.23,Month-to-month,UPI,1860.88,No
4408,Female,1,29,50.1,Two year,Debit card,1452.9,No
4409,Female,0,29,105.63,Month-to-month,UPI,3063.27,Yes
4410,Female,1,69,98.76,Month-to-month,Debit card,6814.44,Yes
4411,Female,1,11,84.51,One year,Credit card,929.61,Yes
4412,Male,0,2,29.03,Month-to-month,Net Banking,58.06,Yes
4413,Male,0,68,115.48,Month-to-month,Credit card,7852.64,Yes
4414,Male,0,10,50.54,Month-to-month,Credit card,505.4,Yes
4415,Female,0,27,80.7,One year,UPI,2178.9,No
4416,Male,0,35,100.31,Two year,Net Banking,3510.85,No
4417,Female,1,50,33.29,One year,Credit card,1664.5,No
4418,Male,0,2,85.22,Two year,Net Banking,170.44,Yes
4419,Female,1,17,23.23,Month-to-month,Net Banking,394.91,No
4420,Male,0,24,30.18,Two year,Credit card,724.32,No
4421,Female,1,57,92.31,Month-to-month,Net Banking,5261.67,Yes
4422,Female,1,71,35.51,Month-to-month,Debit card,2521.21,No
4423,Male,1,16,64.35,Month-to-month,Net Banking,1029.6,Yes
4424,Female,0,36,44.83,Month-to-month,Debit card,1613.88,No
4425,Male,1,45,62.12,One year,Debit card,2795.4,No
4426,Male,0,10,27.72,Month-to-month,Debit card,277.2,Yes
4427,Male,0,63,95.49,One year,Credit card,6015.87,No
4428,Male,0,43,27.9,Month-to-month,Debit card,1199.7,No
4429,Female,0,51,103.79,Month-to-month,Net Banking,5293.29,Yes
4430,Male,0,3,86.26,Month-to-month,UPI,258.78,Yes
4431,Female,0,66,61.66,Month-to-month,UPI,4069.56,No
4432,Female,1,35,106.65,Two year,UPI,3732.75,No
4433,Female,0,69,38.61,One year,Debit card,2664.09,Yes
4434,Male,1,36,46.46,Month-to-month,Credit card,1672.56,Yes
4435,Female,0,49,33.71,Month-to-month,Debit card,1651.79,No
4436,Female,0,1,58.16,Month-to-month,UPI,58.16,Yes
4437,Male,0,42,118.67,Month-to-month,Net Banking,4984.14,Yes
4438,Female,0,41,36.1,One year,Debit card,1480.1,No
4439,Female,0,57,103.1,Month-to-month,UPI,5876.7,Yes
4440,Female,0,20,85.19,Month-to-month,Net Banking,1703.8,Yes
4441,Female,0,14,21.58,One year,Credit card,302.12,No
4442,Female,0,52,114.49,Month-to-month,Net Banking,5953.48,Yes
4443,Male,0,54,117.11,One year,Credit card,6323.94,Yes
4444,Male,0,49,112.49,One year,Net Banking,5512.01,Yes
4445,Male,0,30,70.17,Month-to-month,Credit card,2105.1,Yes
4446,Male,0,3,42.04,One year,Credit card,126.12,Yes
4447,Male,1,12,59.13,One year,Credit card,709.56,Yes
4448,Female,0,31,81.42,Month-to-month,Debit card,2524.02,Yes
4449,Male,1,37,57.88,Month-to-month,Net Banking,2141.56,No
4450,Female,1,27,90.82,Month-to-month,Credit card,2452.14,Yes
4451,Female,0,24,99.56,Two year,Net Banking,2389.44,No
4452,Male,0,41,40.94,Month-to-month,Debit card,1678.54,No
4453,Male,0,64,60.49,Month-to-month,UPI,3871.36,No
4454,Female,0,11,115.77,Month-to-month,UPI,1273.47,Yes
4455,Female,0,16,44.98,Month-to-month,Credit card,719.68,Yes
4456,Male,1,14,54.64,Month-to-month,Debit card,764.96,No
4457,Male,0,47,23.57,Month-to-month,Net Banking,1107.79,No
4458,Female,1,30,53.24,Month-to-month,Credit card,1597.2,Yes
4459,Female,1,24,57.09,One year,UPI,1370.16,No
4460,Male,1,13,29.98,Two year,Debit card,389.74,No
4461,Male,0,9,20.14,Month-to-month,UPI,181.26,Yes
4462,Male,0,49,77.54,Two year,Debit card,3799.46,No
4463,Female,0,26,50.15,Month-to-month,UPI,1303.9,No
4464,Female,0,49,21.78,One year,Credit card,1067.22,No
4465,Female,0,42,105.99,Month-to-month,Credit card,4451.58,Yes
4466,Female,0,45,78.44,Month-to-month,Credit card,3529.8,Yes
4467,Male,0,21,37.12,Month-to-month,UPI,779.52,Yes
4468,Male,0,29,106.52,Month-to-month,Net Banking,3089.08,Yes
4469,Female,0,24,45.36,One year,UPI,1088.64,No
4470,Female,1,42,42.74,Month-to-month,UPI,1795.08,Yes
4471,Male,0,71,109.46,Month-to-month,Net Banking,7771.66,Yes
4472,Female,0,41,37.95,Two year,Credit card,1555.95,No
4473,Male,0,48,107.9,One year,UPI,5179.2,No
4474,Male,0,43,100.3,Month-to-month,UPI,4312.9,Yes
4475,Female,1,8,50.98,Month-to-month,Credit card,407.84,Yes
4476,Female,0,63,23.44,Two year,UPI,1476.72,No
4477,Male,0,63,28.26,Month-to-month,Net Banking,1780.38,No
4478,Male,0,6,30.95,One year,Debit card,185.7,Yes
4479,Female,1,52,109.08,One year,UPI,5672.16,Yes
4480,Female,0,21,60.4,Month-to-month,Net Banking,1268.4,Yes
4481,Female,0,14,23.25,Two year,Credit card,325.5,No
4482,Male,0,58,75.65,Month-to-month,Debit card,4387.7,Yes
4483,Female,0,25,40.8,One year,Credit card,1020.0,No
4484,Male,0,56,43.51,Month-to-month,Credit card,2436.56,No
4485,Male,1,9,36.08,One year,Credit card,324.72,Yes
4486,Female,0,36,96.2,Two year,Debit card,3463.2,No
4487,Male,0,57,20.06,Month-to-month,Net Banking,1143.42,No
4488,Female,1,5,63.9,One year,Net Banking,319.5,Yes
4489,Female,0,7,28.69,Month-to-month,Net Banking,200.83,Yes
4490,Female,0,6,75.24,One year,Net Banking,451.44,Yes
4491,Female,0,52,54.6,One year,Debit card,2839.2,No
4492,Female,0,70,22.84,Two year,Credit card,1598.8,No
4493,Male,0,55,66.1,Two year,UPI,3635.5,No
4494,Female,0,14,77.06,Month-to-month,Debit card,1078.84,No
4495,Male,0,1,44.77,Month-to-month,Credit card,44.77,Yes
4496,Female,0,37,96.55,Two year,UPI,3572.35,No
4497,Female,1,49,57.1,One year,Credit card,2797.9,No
4498,Female,0,12,94.93,Month-to-month,Net Banking,1139.16,Yes
4499,Female,1,5,77.9,Month-to-month,Debit card,389.5,Yes
4500,Male,0,70,106.93,Month-to-month,Debit card,7485.1,Yes
4501,Female,1,11,74.69,One year,UPI,821.59,Yes
4502,Female,0,53,38.56,One year,Debit card,2043.68,No
4503,Female,1,55,102.26,Month-to-month,Credit card,5624.3,Yes
4504,Male,0,50,98.3,Month-to-month,Credit card,4915.0,Yes
4505,Female,0,53,117.24,One year,UPI,6213.72,No
4506,Male,0,55,29.36,Two year,UPI,1614.8,No
4507,Female,0,3,79.12,Month-to-month,UPI,237.36,Yes
4508,Female,1,16,69.17,Two year,UPI,1106.72,No
4509,Female,0,45,87.09,Month-to-month,Net Banking,3919.05,Yes
4510,Female,1,36,118.02,Two year,Credit card,4248.72,No
4511,Female,1,19,73.23,One year,Credit card,1391.37,Yes
4512,Female,0,4,88.57,Two year,Credit card,354.28,Yes
4513,Female,0,59,54.72,One year,Credit card,3228.48,Yes
4514,Male,1,12,49.9,Month-to-month,Net Banking,598.8,Yes
4515,Female,0,63,53.53,Two year,UPI,3372.39,No
4516,Female,1,56,23.86,One year,Debit card,1336.16,No
4517,Male,1,27,48.47,Month-to-month,Credit card,1308.69,No
4518,Female,0,68,37.29,Month-to-month,Debit card,2535.72,Yes
4519,Female,0,24,65.74,Month-to-month,Net Banking,1577.76,No
4520,Male,0,26,66.08,One year,Net Banking,1718.08,No
4521,Female,1,22,96.52,One year,UPI,2123.44,Yes
4522,Female,0,70,70.23,Month-to-month,Net Banking,4916.1,No
4523,Male,0,19,66.31,Month-to-month,UPI,1259.89,No
4524,Male,1,34,43.16,Month-to-month,Debit card,1467.44,Yes
4525,Female,0,11,105.25,Month-to-month,Net Banking,1157.75,Yes
4526,Male,0,45,29.1,Month-to-month,UPI,1309.5,No
4527,Male,0,37,118.23,Two year,Debit card,4374.51,No
4528,Male,0,23,67.61,Two year,Credit card,1555.03,No
4529,Female,0,40,38.6,Month-to-month,UPI,1544.0,Yes
4530,Female,0,43,55.43,Month-to-month,UPI,2383.49,No
4531,Male,1,4,21.54,Month-to-month,Debit card,86.16,Yes
4532,Male,0,15,36.65,Month-to-month,Debit card,549.75,No
4533,Male,0,23,53.53,Two year,Debit card,1231.19,No
4534,Male,0,12,75.44,Month-to-month,Debit card,905.28,No
4535,Female,0,68,32.95,Month-to-month,Debit card,2240.6,No
4536,Female,0,68,87.6,One year,UPI,5956.8,No
4537,Female,0,52,104.43,Month-to-month,Debit card,5430.36,Yes
4538,Female,1,41,77.23,Month-to-month,Credit card,3166.43,Yes
4539,Male,0,59,49.69,Month-to-month,Debit card,2931.71,Yes
4540,Female,0,58,32.14,Month-to-month,Net Banking,1864.12,No
4541,Male,0,59,21.55,Month-to-month,UPI,1271.45,No
4542,Male,0,23,93.18,Two year,Credit card,2143.14,No
4543,Male,0,1,82.85,One year,UPI,82.85,Yes
4544,Male,0,56,67.63,Two year,Net Banking,3787.28,No
4545,Female,0,4,30.2,One year,Debit card,120.8,Yes
4546,Male,0,29,40.7,One year,UPI,1180.3,No
4547,Male,0,17,101.52,Month-to-month,UPI,1725.84,Yes
4548,Male,0,49,67.99,One year,Debit card,3331.51,No
4549,Male,0,51,116.28,Month-to-month,UPI,5930.28,Yes
4550,Female,0,49,120.0,Month-to-month,UPI,5880.0,Yes
4551,Male,1,24,100.07,One year,UPI,2401.68,Yes
4552,Female,1,44,45.82,One year,Net Banking,2016.08,No
4553,Male,1,41,43.11,Month-to-month,Net Banking,1767.51,No
4554,Female,0,57,45.36,Month-to-month,Net Banking,2585.52,No
4555,Male,0,56,118.68,Month-to-month,Credit card,6646.08,Yes
4556,Male,0,32,53.53,One year,UPI,1712.96,No
4557,Female,1,31,90.64,Two year,Debit card,2809.84,No
4558,Female,0,16,115.9,One year,Debit card,1854.4,Yes
4559,Female,0,32,101.96,One year,UPI,3262.72,No
4560,Male,0,42,79.76,Month-to-month,Debit card,3349.92,No
4561,Female,0,34,36.9,Month-to-month,Credit card,1254.6,Yes
4562,Female,0,37,37.49,One year,Debit card,1387.13,No
4563,Male,0,16,69.24,Month-to-month,Net Banking,1107.84,No
4564,Female,0,13,115.19,Month-to-month,Net Banking,1497.47,Yes
4565,Male,1,66,110.45,One year,Net Banking,7289.7,Yes
4566,Male,1,33,36.62,Two year,Net Banking,1208.46,No
4567,Female,0,35,48.77,Month-to-month,Debit card,1706.95,Yes
4568,Male,0,37,78.88,Two year,UPI,2918.56,No
4569,Male,0,40,67.74,Month-to-month,Credit card,2709.6,Yes
4570,Male,0,8,31.94,Month-to-month,Credit card,255.52,Yes
4571,Male,0,54,56.93,Month-to-month,Debit card,3074.22,No
4572,Female,0,7,115.47,Two year,Debit card,808.29,Yes
4573,Female,0,2,115.14,Month-to-month,Net Banking,230.28,Yes
4574,Male,0,56,75.94,One year,UPI,4252.64,No
4575,Female,0,57,83.53,Month-to-month,Net Banking,4761.21,Yes
4576,Male,0,49,42.19,Month-to-month,UPI,2067.31,No
4577,Female,0,69,94.2,Month-to-month,Net Banking,6499.8,Yes
4578,Female,0,8,25.25,Month-to-month,Credit card,202.0,Yes
4579,Male,0,63,42.07,Month-to-month,UPI,2650.41,No
4580,Male,0,71,20.59,Month-to-month,Credit card,1461.89,No
4581,Male,0,46,58.57,One year,Net Banking,2694.22,Yes
4582,Male,0,67,105.03,One year,Credit card,7037.01,No
4583,Female,0,46,118.25,Month-to-month,Debit card,5439.5,Yes
4584,Male,0,67,86.78,Month-to-month,Credit card,5814.26,Yes
4585,Female,0,42,94.49,Month-to-month,Credit card,3968.58,Yes
4586,Female,0,64,46.27,Month-to-month,Net Banking,2961.28,No
4587,Male,0,53,72.03,One year,Credit card,3817.59,No
4588,Female,0,71,93.66,Month-to-month,Credit card,6649.86,Yes
4589,Male,0,7,69.73,Two year,Debit card,488.11,Yes
4590,Male,1,7,28.85,Two year,UPI,201.95,Yes
4591,Female,0,36,94.09,Month-to-month,UPI,3387.24,Yes
4592,Male,1,13,41.96,One year,Credit card,545.48,No
4593,Male,0,67,29.77,Month-to-month,UPI,1994.59,No
4594,Male,0,20,67.81,Month-to-month,UPI,1356.2,No
4595,Female,0,53,27.46,Two year,Credit card,1455.38,No
4596,Female,1,52,82.94,One year,Net Banking,4312.88,No
4597,Male,0,61,84.05,Month-to-month,Credit card,5127.05,Yes
4598,Male,0,61,45.67,One year,UPI,2785.87,Yes
4599,Female,0,56,116.45,One year,Debit card,6521.2,No
4600,Female,1,40,102.45,Two year,UPI,4098.0,No
4601,Male,0,63,30.96,Month-to-month,Net Banking,1950.48,No
4602,Female,1,57,94.85,One year,Credit card,5406.45,No
4603,Male,0,4,55.31,Two year,UPI,221.24,Yes
4604,Male,0,26,95.03,Month-to-month,UPI,2470.78,Yes
4605,Male,0,62,100.08,Month-to-month,Debit card,6204.96,Yes
4606,Female,0,54,35.14,Month-to-month,Net Banking,1897.56,No
4607,Female,1,62,86.18,Month-to-month,UPI,5343.16,Yes
4608,Female,0,18,106.27,Month-to-month,UPI,1912.86,Yes
4609,Male,1,10,52.34,Two year,Credit card,523.4,Yes
4610,Female,0,36,28.03,One year,Net Banking,1009.08,Yes
4611,Female,0,2,22.73,Month-to-month,Debit card,45.46,Yes
4612,Male,0,60,31.0,One year,UPI,1860.0,Yes
4613,Female,0,47,20.42,One year,Net Banking,959.74,No
4614,Male,0,32,52.69,Month-to-month,Net Banking,1686.08,No
4615,Male,0,69,49.93,Month-to-month,Net Banking,3445.17,Yes
4616,Female,0,51,31.03,Month-to-month,Net Banking,1582.53,No
4617,Female,1,67,85.11,Month-to-month,UPI,5702.37,Yes
4618,Male,1,67,119.19,Month-to-month,Net Banking,7985.73,Yes
4619,Female,0,68,110.09,Month-to-month,Credit card,7486.12,Yes
4620,Female,0,56,45.29,One year,Credit card,2536.24,No
4621,Female,0,14,97.0,Month-to-month,Debit card,1358.0,Yes
4622,Male,0,16,113.69,Month-to-month,Debit card,1819.04,Yes
4623,Male,1,66,110.64,Two year,Net Banking,7302.24,No
4624,Female,0,33,108.45,One year,Debit card,3578.85,No
4625,Male,0,13,98.65,One year,Net Banking,1282.45,No
4626,Female,0,30,49.3,Month-to-month,Credit card,1479.0,No
4627,Female,0,26,28.36,One year,Credit card,737.36,No
4628,Female,0,13,68.78,Month-to-month,Credit card,894.14,Yes
4629,Female,0,68,25.48,One year,Credit card,1732.64,No
4630,Male,0,33,119.85,Month-to-month,Debit card,3955.05,Yes
4631,Female,1,15,55.83,Month-to-month,Debit card,837.45,No
4632,Male,0,17,115.83,Two year,Net Banking,1969.11,No
4633,Male,0,6,97.31,Month-to-month,Debit card,583.86,Yes
4634,Female,0,5,61.13,Month-to-month,Credit card,305.65,Yes
4635,Female,0,33,31.83,Month-to-month,Credit card,1050.39,No
4636,Male,0,54,43.72,Month-to-month,Net Banking,2360.88,No
4637,Female,0,16,87.3,Month-to-month,Credit card,1396.8,Yes
4638,Female,0,46,102.99,One year,Credit card,4737.54,No
4639,Male,0,24,117.94,Month-to-month,Net Banking,2830.56,Yes
4640,Male,0,5,33.22,Month-to-month,Net Banking,166.1,Yes
4641,Male,0,67,35.59,One year,UPI,2384.53,No
4642,Female,0,50,24.24,One year,Debit card,1212.0,No
4643,Female,0,41,46.04,Two year,Debit card,1887.64,No
4644,Male,0,55,102.11,Month-to-month,Net Banking,5616.05,Yes
4645,Male,0,20,39.83,Month-to-month,UPI,796.6,No
4646,Female,0,50,74.79,Month-to-month,Debit card,3739.5,No
4647,Male,0,35,64.64,Two year,Credit card,2262.4,No
4648,Male,0,50,52.58,Month-to-month,Net Banking,2629.0,Yes
4649,Female,1,33,81.83,Two year,Net Banking,2700.39,No
4650,Male,0,67,70.23,Two year,Debit card,4705.41,No
4651,Female,0,71,53.48,Month-to-month,Credit card,3797.08,Yes
4652,Male,0,10,88.89,Month-to-month,Credit card,888.9,Yes
4653,Female,1,41,48.0,Month-to-month,Net Banking,1968.0,No
4654,Female,1,40,84.32,Month-to-month,Net Banking,3372.8,Yes
4655,Male,0,6,115.72,One year,Credit card,694.32,Yes
4656,Male,1,33,92.9,Month-to-month,Net Banking,3065.7,Yes
4657,Male,0,16,61.84,Month-to-month,UPI,989.44,No
4658,Female,0,24,94.76,Month-to-month,Debit card,2274.24,Yes
4659,Male,0,60,100.92,Month-to-month,Credit card,6055.2,Yes
4660,Female,0,11,52.58,Month-to-month,Debit card,578.38,Yes
4661,Male,0,44,90.51,Month-to-month,UPI,3982.44,Yes
4662,Female,0,3,63.44,Month-to-month,Net Banking,190.32,Yes
4663,Male,0,38,101.85,One year,Debit card,3870.3,No
4664,Female,0,40,49.54,One year,Debit card,1981.6,No
4665,Female,0,19,113.78,Two year,Net Banking,2161.82,No
4666,Female,0,40,77.48,Two year,Debit card,3099.2,No
4667,Female,0,53,55.33,Month-to-month,Debit card,2932.49,No
4668,Female,0,36,61.94,One year,UPI,2229.84,No
4669,Female,0,67,54.78,Month-to-month,Debit card,3670.26,No
4670,Male,0,20,34.62,Month-to-month,Net Banking,692.4,Yes
4671,Female,0,28,26.85,Month-to-month,Net Banking,751.8,No
4672,Male,0,57,52.18,Month-to-month,Net Banking,2974.26,Yes
4673,Male,1,3,65.87,One year,Credit card,197.61,Yes
4674,Male,0,37,56.18,Month-to-month,UPI,2078.66,No
4675,Male,0,18,21.39,Month-to-month,Debit card,385.02,No
4676,Male,0,46,77.9,Month-to-month,Debit card,3583.4,No
4677,Male,1,5,34.48,Two year,Net Banking,172.4,Yes
4678,Male,0,57,41.1,Month-to-month,Net Banking,2342.7,No
4679,Female,0,26,32.07,Month-to-month,Net Banking,833.82,Yes
4680,Male,0,33,72.04,Two year,Net Banking,2377.32,No
4681,Male,0,36,29.52,Month-to-month,Credit card,1062.72,No
4682,Female,0,22,45.64,Two year,UPI,1004.08,No
4683,Female,0,17,65.17,Two year,UPI,1107.89,No
4684,Male,0,44,36.77,Month-to-month,Credit card,1617.88,No
4685,Female,0,52,64.62,One year,Debit card,3360.24,Yes
4686,Male,0,22,54.27,Two year,Debit card,1193.94,No
4687,Female,0,69,106.06,Month-to-month,UPI,7318.14,Yes
4688,Male,0,1,99.49,Month-to-month,UPI,99.49,Yes
4689,Female,1,30,119.29,Two year,Debit card,3578.7,No
4690,Male,0,39,72.89,Month-to-month,Credit card,2842.71,No
4691,Female,0,35,77.54,Month-to-month,Credit card,2713.9,No
4692,Male,0,69,114.66,Two year,Debit card,7911.54,No
4693,Female,0,70,59.96,Month-to-month,Credit card,4197.2,No
4694,Female,0,11,75.57,One year,Net Banking,831.27,Yes
4695,Female,1,51,57.91,Month-to-month,UPI,2953.41,No
4696,Female,0,63,74.59,One year,Debit card,4699.17,No
4697,Female,0,34,28.08,Month-to-month,Net Banking,954.72,No
4698,Male,0,55,98.38,Month-to-month,Net Banking,5410.9,Yes
4699,Male,0,20,118.53,Month-to-month,Credit card,2370.6,Yes
4700,Male,1,58,26.57,Month-to-month,Credit card,1541.06,No
4701,Female,0,17,100.1,Month-to-month,UPI,1701.7,Yes
4702,Female,0,34,44.17,Month-to-month,UPI,1501.78,Yes
4703,Female,0,62,39.75,Two year,Debit card,2464.5,No
4704,Male,0,34,89.34,Month-to-month,UPI,3037.56,Yes
4705,Male,1,19,24.41,Month-to-month,Net Banking,463.79,No
4706,Male,0,66,66.32,Month-to-month,UPI,4377.12,Yes
4707,Female,0,42,20.14,Two year,Net Banking,845.88,No
4708,Female,1,51,75.44,One year,Net Banking,3847.44,No
4709,Female,1,71,66.21,One year,Debit card,4700.91,Yes
4710,Male,0,49,111.55,Month-to-month,Credit card,5465.95,Yes
4711,Female,0,29,92.03,Month-to-month,UPI,2668.87,Yes
4712,Female,0,30,32.6,Month-to-month,Debit card,978.0,No
4713,Female,0,25,55.45,One year,UPI,1386.25,No
4714,Male,0,68,113.16,Month-to-month,Net Banking,7694.88,Yes
4715,Male,0,62,92.53,One year,UPI,5736.86,No
4716,Male,0,38,79.43,Month-to-month,Credit card,3018.34,No
4717,Female,0,17,75.91,Month-to-month,UPI,1290.47,No
4718,Female,0,1,59.81,Month-to-month,UPI,59.81,Yes
4719,Male,0,18,78.52,Month-to-month,Net Banking,1413.36,Yes
4720,Female,0,63,97.17,Month-to-month,UPI,6121.71,Yes
4721,Female,0,46,32.75,Month-to-month,Credit card,1506.5,No
4722,Female,0,19,116.98,Month-to-month,UPI,2222.62,Yes
4723,Male,0,50,43.94,One year,Net Banking,2197.0,No
4724,Male,0,54,64.77,Month-to-month,Debit card,3497.58,Yes
4725,Male,0,31,22.27,Month-to-month,Net Banking,690.37,No
4726,Female,0,65,75.03,Month-to-month,Net Banking,4876.95,No
4727,Male,0,46,58.19,Month-to-month,Net Banking,2676.74,No
4728,Male,0,35,44.98,Month-to-month,Debit card,1574.3,No
4729,Male,0,49,118.55,Month-to-month,Credit card,5808.95,Yes
4730,Male,0,34,62.81,Month-to-month,Net Banking,2135.54,No
4731,Male,1,29,61.43,Month-to-month,Net Banking,1781.47,Yes
4732,Female,0,6,66.31,One year,Credit card,397.86,Yes
4733,Female,1,1,31.62,Month-to-month,Credit card,31.62,Yes
4734,Female,0,55,59.31,Month-to-month,UPI,3262.05,No
4735,Female,1,27,53.64,Month-to-month,Credit card,1448.28,No
4736,Female,0,12,66.51,Month-to-month,Debit card,798.12,No
4737,Female,0,4,105.66,Month-to-month,Net Banking,422.64,Yes
4738,Male,0,52,39.28,Month-to-month,Net Banking,2042.56,Yes
4739,Female,0,11,80.77,Month-to-month,Debit card,888.47,Yes
4740,Female,0,52,23.76,One year,UPI,1235.52,No
4741,Female,0,26,51.68,Month-to-month,Net Banking,1343.68,Yes
4742,Female,1,28,67.27,One year,Net Banking,1883.56,No
4743,Female,0,66,27.43,One year,UPI,1810.38,Yes
4744,Female,1,27,74.4,One year,UPI,2008.8,No
4745,Female,0,55,51.03,Two year,UPI,2806.65,No
4746,Female,0,71,119.28,Month-to-month,Debit card,8468.88,Yes
4747,Male,0,54,83.1,Month-to-month,Debit card,4487.4,Yes
4748,Female,0,46,44.42,One year,Credit card,2043.32,No
4749,Female,0,36,30.27,Month-to-month,UPI,1089.72,No
4750,Female,0,21,24.07,Two year,Debit card,505.47,No
4751,Female,0,49,29.08,Month-to-month,Debit card,1424.92,No
4752,Female,0,34,88.01,Month-to-month,Credit card,2992.34,Yes
4753,Male,0,34,105.5,Month-to-month,Debit card,3587.0,Yes
4754,Male,0,40,35.67,Month-to-month,Net Banking,1426.8,No
4755,Male,0,7,60.21,Month-to-month,Debit card,421.47,Yes
4756,Male,0,52,55.42,Two year,UPI,2881.84,No
4757,Male,0,49,84.45,Month-to-month,Credit card,4138.05,Yes
4758,Female,0,37,38.27,Month-to-month,UPI,1415.99,No
4759,Male,0,62,115.33,Month-to-month,UPI,7150.46,Yes
4760,Male,0,15,92.86,Month-to-month,Credit card,1392.9,Yes
4761,Male,0,2,115.51,Month-to-month,Net Banking,231.02,Yes
4762,Male,1,11,47.74,Month-to-month,Credit card,525.14,Yes
4763,Female,0,17,78.77,Month-to-month,Net Banking,1339.09,No
4764,Female,0,45,93.23,Two year,Net Banking,4195.35,No
4765,Male,0,68,91.1,One year,UPI,6194.8,No
4766,Female,0,61,22.13,One year,UPI,1349.93,No
4767,Female,0,46,119.83,Month-to-month,UPI,5512.18,Yes
4768,Female,1,32,112.81,Month-to-month,UPI,3609.92,Yes
4769,Female,1,19,31.98,One year,Credit card,607.62,No
4770,Male,0,67,74.36,One year,Debit card,4982.12,No
4771,Female,0,4,51.46,Month-to-month,Credit card,205.84,Yes
4772,Female,0,25,107.89,Month-to-month,Debit card,2697.25,Yes
4773,Male,1,21,89.75,Month-to-month,Credit card,1884.75,Yes
4774,Male,1,14,42.35,Month-to-month,UPI,592.9,No
4775,Female,0,22,23.39,One year,Debit card,514.58,No
4776,Male,0,48,49.17,Month-to-month,Credit card,2360.16,Yes
4777,Male,0,51,23.81,Month-to-month,Credit card,1214.31,No
4778,Male,0,11,34.13,One year,Net Banking,375.43,Yes
4779,Male,0,59,83.61,Month-to-month,Credit card,4932.99,Yes
4780,Female,0,14,94.51,One year,UPI,1323.14,No
4781,Male,0,7,66.8,Two year,Credit card,467.6,Yes
4782,Female,0,69,80.03,Month-to-month,Credit card,5522.07,Yes
4783,Male,0,58,35.59,Month-to-month,UPI,2064.22,No
4784,Female,0,40,51.68,Month-to-month,Debit card,2067.2,Yes
4785,Male,0,25,91.29,Month-to-month,Debit card,2282.25,Yes
4786,Male,0,42,56.49,One year,UPI,2372.58,No
4787,Male,1,44,54.88,One year,Debit card,2414.72,No
4788,Female,0,5,39.4,One year,Net Banking,197.0,Yes
4789,Female,0,28,79.48,One year,Credit card,2225.44,No
4790,Male,0,60,100.95,Month-to-month,Credit card,6057.0,Yes
4791,Male,0,21,66.94,One year,Debit card,1405.74,No
4792,Male,0,49,31.55,One year,Debit card,1545.95,No
4793,Female,0,56,103.84,Month-to-month,Debit card,5815.04,Yes
4794,Female,1,57,27.14,Two year,UPI,1546.98,No
4795,Female,0,61,67.17,Month-to-month,Net Banking,4097.37,No
4796,Female,1,38,46.11,One year,Net Banking,1752.18,No
4797,Male,0,2,113.63,One year,Debit card,227.26,Yes
4798,Female,0,3,93.75,Month-to-month,UPI,281.25,Yes
4799,Female,0,43,76.64,Month-to-month,Debit card,3295.52,No
4800,Male,0,35,86.78,Month-to-month,UPI,3037.3,Yes
4801,Male,1,40,73.27,Month-to-month,UPI,2930.8,No
4802,Female,1,58,34.76,Month-to-month,Credit card,2016.08,No
4803,Female,0,34,90.91,Month-to-month,Debit card,3090.94,Yes
4804,Male,0,25,69.27,Month-to-month,Credit card,1731.75,No
4805,Female,0,56,83.43,Month-to-month,Credit card,4672.08,Yes
4806,Male,0,32,24.52,Month-to-month,Net Banking,784.64,No
4807,Female,0,22,34.2,Month-to-month,UPI,752.4,No
4808,Female,0,65,78.94,One year,UPI,5131.1,No
4809,Female,0,21,65.94,One year,UPI,1384.74,No
4810,Male,0,21,42.69,Month-to-month,UPI,896.49,Yes
4811,Female,0,28,44.08,Month-to-month,Credit card,1234.24,No
4812,Male,0,19,83.17,Two year,UPI,1580.23,No
4813,Male,0,14,25.9,Month-to-month,Net Banking,362.6,No
4814,Female,0,24,63.43,One year,Net Banking,1522.32,No
4815,Female,0,20,72.31,Month-to-month,Credit card,1446.2,No
4816,Female,0,32,50.81,Month-to-month,Credit card,1625.92,No
4817,Male,0,52,102.05,One year,Debit card,5306.6,Yes
4818,Female,1,65,25.68,Two year,Debit card,1669.2,No
4819,Male,0,52,106.58,Two year,UPI,5542.16,No
4820,Male,0,58,92.33,One year,Credit card,5355.14,Yes
4821,Female,0,10,64.63,Month-to-month,Credit card,646.3,Yes
4822,Female,0,70,112.45,Month-to-month,Net Banking,7871.5,Yes
4823,Female,0,15,90.22,Month-to-month,Net Banking,1353.3,Yes
4824,Female,0,47,113.1,Month-to-month,Net Banking,5315.7,Yes
4825,Male,0,10,67.26,Two year,Credit card,672.6,Yes
4826,Female,1,21,65.3,Month-to-month,Debit card,1371.3,No
4827,Male,0,19,73.07,Month-to-month,Credit card,1388.33,No
4828,Female,0,68,26.54,Month-to-month,Credit card,1804.72,Yes
4829,Male,0,22,110.85,Month-to-month,Credit card,2438.7,Yes
4830,Male,0,63,86.77,Month-to-month,Debit card,5466.51,Yes
4831,Male,0,38,81.76,Month-to-month,Net Banking,3106.88,Yes
4832,Male,0,15,112.65,Month-to-month,UPI,1689.75,Yes
4833,Female,0,70,119.36,One year,UPI,8355.2,No
4834,Female,0,44,36.34,Month-to-month,UPI,1598.96,Yes
4835,Female,0,30,94.9,Month-to-month,Debit card,2847.0,Yes
4836,Female,1,24,77.99,One year,Debit card,1871.76,No
4837,Male,1,46,66.1,One year,UPI,3040.6,No
4838,Female,0,4,117.76,Month-to-month,UPI,471.04,Yes
4839,Male,0,6,105.03,Month-to-month,Debit card,630.18,Yes
4840,Male,1,38,89.67,One year,UPI,3407.46,Yes
4841,Male,0,26,58.27,Month-to-month,Credit card,1515.02,Yes
4842,Male,0,19,86.6,Month-to-month,Net Banking,1645.4,Yes
4843,Male,0,2,73.17,Month-to-month,Debit card,146.34,Yes
4844,Male,0,68,44.94,One year,Net Banking,3055.92,No
4845,Male,0,69,65.04,One year,UPI,4487.76,No
4846,Male,0,47,41.22,Two year,UPI,1937.34,No
4847,Male,0,29,70.04,Month-to-month,Debit card,2031.16,No
4848,Male,1,64,92.02,Month-to-month,Debit card,5889.28,Yes
4849,Male,0,12,23.66,One year,Credit card,283.92,No
4850,Female,1,11,96.54,Month-to-month,Debit card,1061.94,Yes
4851,Male,1,8,22.0,Month-to-month,Net Banking,176.0,Yes
4852,Female,0,60,71.73,Month-to-month,Debit card,4303.8,No
4853,Male,0,26,77.35,Month-to-month,Credit card,2011.1,No
4854,Male,0,32,96.12,One year,Net Banking,3075.84,Yes
4855,Male,1,39,96.1,Month-to-month,UPI,3747.9,Yes
4856,Male,0,4,61.75,Month-to-month,Debit card,247.0,Yes
4857,Male,0,44,26.64,Month-to-month,UPI,1172.16,No
4858,Female,0,35,89.35,One year,Credit card,3127.25,No
4859,Female,0,51,71.1,Two year,Debit card,3626.1,No
4860,Male,0,51,53.31,Two year,Credit card,2718.81,No
4861,Male,0,29,43.49,Month-to-month,UPI,1261.21,Yes
4862,Male,0,36,31.98,Two year,Net Banking,1151.28,No
4863,Female,1,60,49.51,Month-to-month,Credit card,2970.6,No
4864,Female,0,15,65.85,Month-to-month,Debit card,987.75,No
4865,Male,0,51,67.76,Month-to-month,Debit card,3455.76,Yes
4866,Male,1,50,78.27,Month-to-month,UPI,3913.5,No
4867,Male,0,55,56.25,One year,UPI,3093.75,No
4868,Female,0,12,111.99,One year,UPI,1343.88,No
4869,Male,0,50,69.59,One year,UPI,3479.5,No
4870,Male,1,62,62.37,Two year,Debit card,3866.94,No
4871,Male,0,5,24.82,Month-to-month,Debit card,124.1,Yes
4872,Female,0,27,79.9,Month-to-month,Debit card,2157.3,No
4873,Male,0,9,80.29,One year,Credit card,722.61,Yes
4874,Male,0,35,78.33,Two year,Net Banking,2741.55,No
4875,Male,1,13,108.76,Two year,Net Banking,1413.88,No
4876,Female,0,44,96.29,Month-to-month,Net Banking,4236.76,Yes
4877,Female,0,46,106.74,One year,Credit card,4910.04,No
4878,Male,0,68,25.94,One year,UPI,1763.92,Yes
4879,Female,0,53,51.81,Month-to-month,UPI,2745.93,No
4880,Male,0,1,51.87,One year,UPI,51.87,Yes
4881,Female,0,11,85.7,Month-to-month,Debit card,942.7,Yes
4882,Male,0,50,64.86,Month-to-month,Credit card,3243.0,No
4883,Male,0,9,97.75,Two year,Net Banking,879.75,Yes
4884,Male,0,38,58.44,One year,UPI,2220.72,No
4885,Female,0,13,42.16,Month-to-month,Net Banking,548.08,No
4886,Female,0,5,49.1,One year,UPI,245.5,Yes
4887,Female,1,25,38.25,Month-to-month,Net Banking,956.25,No
4888,Male,0,10,39.79,Month-to-month,Debit card,397.9,Yes
4889,Female,0,5,41.68,Month-to-month,Credit card,208.4,Yes
4890,Male,0,22,21.61,One year,UPI,475.42,No
4891,Female,0,42,91.61,Two year,UPI,3847.62,No
4892,Male,0,20,59.96,Month-to-month,UPI,1199.2,No
4893,Male,0,28,22.27,Two year,UPI,623.56,No
4894,Male,0,21,57.0,One year,Credit card,1197.0,Yes
4895,Male,0,11,110.54,Month-to-month,Credit card,1215.94,Yes
4896,Female,0,69,71.12,One year,UPI,4907.28,Yes
4897,Male,0,37,118.68,One year,Net Banking,4391.16,No
4898,Female,0,49,74.0,Month-to-month,Debit card,3626.0,Yes
4899,Male,1,69,116.28,Month-to-month,UPI,8023.32,Yes
4900,Male,1,33,40.18,Month-to-month,Debit card,1325.94,Yes
4901,Male,0,45,48.99,Two year,Net Banking,2204.55,No
4902,Female,0,8,90.0,Two year,UPI,720.0,Yes
4903,Male,0,6,118.68,Month-to-month,UPI,712.08,Yes
4904,Male,0,15,102.53,Two year,Debit card,1537.95,No
4905,Male,0,15,75.37,Month-to-month,UPI,1130.55,Yes
4906,Male,0,9,28.52,Month-to-month,Net Banking,256.68,Yes
4907,Female,0,61,56.44,One year,Credit card,3442.84,Yes
4908,Male,0,56,28.64,Month-to-month,Debit card,1603.84,No
4909,Male,1,5,51.13,Month-to-month,Credit card,255.65,Yes
4910,Male,0,26,45.88,Month-to-month,Debit card,1192.88,No
4911,Female,1,57,58.86,Month-to-month,Credit card,3355.02,Yes
4912,Female,1,35,103.73,One year,Net Banking,3630.55,Yes
4913,Male,1,10,35.04,Month-to-month,Net Banking,350.4,Yes
4914,Female,0,21,50.61,One year,UPI,1062.81,Yes
4915,Male,0,12,46.11,One year,Net Banking,553.32,No
4916,Female,0,9,49.61,Month-to-month,Net Banking,446.49,Yes
4917,Male,0,16,56.06,One year,UPI,896.96,No
4918,Male,0,54,44.43,Two year,Debit card,2399.22,No
4919,Female,1,23,114.26,Month-to-month,Net Banking,2627.98,Yes
4920,Male,1,39,62.01,Month-to-month,Net Banking,2418.39,Yes
4921,Male,0,22,31.41,One year,Credit card,691.02,No
4922,Female,0,55,66.77,Month-to-month,Net Banking,3672.35,Yes
4923,Male,1,31,38.44,Month-to-month,UPI,1191.64,Yes
4924,Male,0,47,41.61,Month-to-month,Net Banking,1955.67,No
4925,Male,0,27,48.5,Month-to-month,Credit card,1309.5,No
4926,Female,1,48,32.48,Month-to-month,Net Banking,1559.04,Yes
4927,Female,0,39,92.11,Month-to-month,Credit card,3592.29,Yes
4928,Male,0,21,99.19,Month-to-month,Net Banking,2082.99,Yes
4929,Female,1,15,59.43,Month-to-month,Debit card,891.45,Yes
4930,Male,0,45,88.9,One year,UPI,4000.5,Yes
4931,Female,0,19,58.9,One year,Net Banking,1119.1,No
4932,Female,0,53,36.41,Month-to-month,Debit card,1929.73,No
4933,Female,0,55,59.72,Month-to-month,Debit card,3284.6,Yes
4934,Male,0,49,75.7,One year,UPI,3709.3,No
4935,Female,1,61,24.1,Month-to-month,Credit card,1470.1,Yes
4936,Male,0,60,85.45,Two year,Debit card,5127.0,No
4937,Male,0,24,94.26,Month-to-month,UPI,2262.24,Yes
4938,Female,0,39,106.0,Month-to-month,Net Banking,4134.0,Yes
4939,Male,0,61,30.28,Month-to-month,Credit card,1847.08,Yes
4940,Female,1,23,20.01,One year,Credit card,460.23,Yes
4941,Male,0,39,27.33,Month-to-month,Credit card,1065.87,Yes
4942,Male,0,11,112.41,One year,Debit card,1236.51,Yes
4943,Male,0,42,96.56,Month-to-month,Debit card,4055.52,Yes
4944,Female,1,25,103.54,Month-to-month,UPI,2588.5,Yes
4945,Male,0,34,71.7,Month-to-month,Credit card,2437.8,Yes
4946,Female,0,22,72.67,Month-to-month,Credit card,1598.74,No
4947,Male,1,2,49.85,Month-to-month,UPI,99.7,Yes
4948,Male,0,51,104.28,Month-to-month,Net Banking,5318.28,Yes
4949,Male,0,16,102.98,Month-to-month,Credit card,1647.68,Yes
4950,Male,1,11,59.22,Month-to-month,Credit card,651.42,Yes
4951,Female,0,69,52.93,One year,UPI,3652.17,No
4952,Male,0,62,93.84,One year,UPI,5818.08,No
4953,Male,0,19,22.62,Month-to-month,Debit card,429.78,No
4954,Male,0,29,105.99,Month-to-month,Net Banking,3073.71,Yes
4955,Male,0,42,64.62,Month-to-month,Debit card,2714.04,No
4956,Female,1,23,64.13,Month-to-month,Debit card,1474.99,No
4957,Male,1,60,86.91,Month-to-month,UPI,5214.6,Yes
4958,Female,0,18,84.57,Month-to-month,Debit card,1522.26,Yes
4959,Male,0,55,46.6,Two year,Net Banking,2563.0,No
4960,Female,0,18,114.33,One year,Credit card,2057.94,No
4961,Female,0,27,118.63,Month-to-month,Debit card,3203.01,Yes
4962,Male,0,1,72.6,One year,Debit card,72.6,Yes
4963,Female,0,14,76.14,Month-to-month,Debit card,1065.96,No
4964,Male,1,59,75.43,Month-to-month,Net Banking,4450.37,Yes
4965,Male,0,33,68.58,One year,Net Banking,2263.14,Yes
4966,Female,0,36,114.52,Month-to-month,Net Banking,4122.72,Yes
4967,Male,0,39,44.48,One year,UPI,1734.72,No
4968,Male,0,45,30.8,Month-to-month,Credit card,1386.0,Yes
4969,Female,0,25,112.95,One year,UPI,2823.75,No
4970,Male,0,15,41.3,Month-to-month,Credit card,619.5,No
4971,Male,0,20,94.92,One year,Debit card,1898.4,No
4972,Female,0,34,40.39,Month-to-month,Net Banking,1373.26,Yes
4973,Female,1,58,116.02,Month-to-month,Net Banking,6729.16,Yes
4974,Male,0,60,99.11,Two year,Net Banking,5946.6,No
4975,Male,1,30,111.87,One year,Debit card,3356.1,No
4976,Female,0,13,115.1,One year,Credit card,1496.3,No
4977,Male,0,67,28.44,Month-to-month,UPI,1905.48,No
4978,Female,1,45,63.34,Month-to-month,UPI,2850.3,No
4979,Male,0,40,84.81,Month-to-month,Debit card,3392.4,Yes
4980,Female,1,38,100.25,Month-to-month,Credit card,3809.5,Yes
4981,Male,0,47,44.15,One year,Net Banking,2075.05,No
4982,Male,0,29,111.46,One year,Credit card,3232.34,No
4983,Female,0,34,42.1,Two year,Credit card,1431.4,No
4984,Male,0,11,106.62,Month-to-month,Net Banking,1172.82,Yes
4985,Female,1,20,71.27,Month-to-month,Credit card,1425.4,No
4986,Female,0,20,71.54,One year,Debit card,1430.8,No
4987,Female,0,56,57.4,One year,UPI,3214.4,No
4988,Male,0,23,30.35,Two year,Debit card,698.05,No
4989,Male,0,25,54.71,One year,Credit card,1367.75,No
4990,Female,0,33,62.67,Two year,Net Banking,2068.11,No
4991,Female,0,31,67.9,Month-to-month,UPI,2104.9,Yes
4992,Female,0,1,93.91,One year,Debit card,93.91,Yes
4993,Male,0,54,55.21,Month-to-month,Credit card,2981.34,Yes
4994,Female,0,16,60.66,One year,Net Banking,970.56,No
4995,Female,0,59,110.61,One year,Debit card,6525.99,No
4996,Male,0,66,95.26,Month-to-month,Credit card,6287.16,Yes
4997,Female,0,3,22.29,Month-to-month,Net Banking,66.87,Yes
4998,Male,0,15,101.21,Month-to-month,Debit card,1518.15,Yes
4999,Female,0,32,118.99,Month-to-month,Net Banking,3807.68,Yes
5000,Female,1,50,113.98,Month-to-month,Debit card,5699.0,Yes
